Workbook

Sheet Sheet4
A3: Average of Avg | D3: Slab
A4: Dist | B4: AO | C4: State | D4: 0-10 MT | E4: 10-20 MT | F4: 20-00 MT | G4: 30-40 MT | H4: 40-50 MT | I4: >50 MT | J4: Grand Total
A5: AJMER | B5: AJMER | C5: RJ-JODHPUR | D5: 4.6528061 | E5: 14.886842 | F5: 24.884615 | G5: 36.122321 | H5: 42.216964 | I5: 92.526488 | J5: 35.839786
A6: ALWAR | B6: ALWAR | C6: RJ-JAIPUR | D6: 5.7433673 | E6: 15.001587 | F6: 25.374176 | G6: 35.62619 | H6: 44.690476 | I6: 83.729193 | J6: 38.259732
A7: BANSWARA | B7: DUNGARPUR | C7: RJ-UDAIPUR | D7: 5.4165414 | E7: 15.799286 | F7: 24.72619 | G7: 34.942857 | H7: 44.758929 | I7: 96.157563 | J7: 39.23606
A8: BARAN | B8: KOTA | C8: RJ-UDAIPUR | D8: 5.7420635 | E8: 13.692857 | F8: 26.107143 | G8: 32.714286 | I8: 170.55952 | J8: 33.14533
A9: BARMER | B9: JODHPUR | C9: RJ-JODHPUR | D9: 5.6263736 | E9: 14.401786 | F9: 28.142857 | H9: 47.228571 | I9: 88.957143 | J9: 42.547619
A10: BHARATPUR | B10: ALWAR | C10: RJ-JAIPUR | D10: 5.3174603 | E10: 15.914286 | F10: 27 | G10: 36.195238 | H10: 44.857143 | I10: 114.14929 | J10: 63.15873
A11: BHILWARA | B11: BHILWARA | C11: RJ-UDAIPUR | D11: 3.8277992 | E11: 11.972222 | F11: 25.487662 | G11: 34.698413 | H11: 45.115306 | I11: 87.582857 | J11: 28.08612
A12: BIKANER | B12: SRI GANGANAGAR | C12: RJ-JODHPUR | D12: 4.5357143 | E12: 13.909341 | F12: 23.83539 | G12: 34.865079 | H12: 44.563636 | I12: 67.813961 | J12: 28.864548
A13: BUNDI | B13: KOTA | C13: RJ-UDAIPUR | D13: 3.0681818 | E13: 15.533929 | F13: 21.389286 | G13: 38.047619 | H13: 47.5 | I13: 67.257143 | J13: 22.255714
A14: CHITTORGARH | B14: BHILWARA | C14: RJ-UDAIPUR | D14: 5.1953416 | E14: 14.195378 | F14: 23.490476 | G14: 34.818182 | H14: 45.158163 | I14: 80.28354 | J14: 34.283103
A15: CHURU | B15: JHUNJHUNU | C15: RJ-JAIPUR | D15: 4.3051948 | E15: 15.818571 | F15: 24.392857 | G15: 34.150893 | H15: 43.392857 | I15: 95.619841 | J15: 34.184161
A16: DAUSA | B16: SAWAI MADHOPUR | C16: RJ-JAIPUR | D16: 3.2420635 | E16: 11.357143 | F16: 22.428571 | G16: 33.142857 | H16: 45.514286 | I16: 106.78571 | J16: 37.418323
A17: DHOLPUR | B17: ALWAR | C17: RJ-JAIPUR | D17: 3.547619 | E17: 15.607143 | H17: 45.285714 | I17: 51.22619 | J17: 28.610714
A18: DUNGARPUR | B18: DUNGARPUR | C18: RJ-UDAIPUR | D18: 4.677551 | E18: 14.896104 | F18: 24.56746 | G18: 35.057692 | H18: 45.090816 | I18: 89.82381 | J18: 29.059711
A19: HANUMANGARH | B19: SRI GANGANAGAR | C19: RJ-JODHPUR | D19: 5.3824176 | E19: 15.625 | F19: 25.559091 | G19: 34.871429 | H19: 44.35 | I19: 69.846825 | J19: 36.309425
A20: JAIPUR | B20: JAIPUR | C20: RJ-JAIPUR | D20: 4.6866667 | E20: 15.017857 | F20: 24.563095 | G20: 36.813265 | H20: 44.781513 | I20: 111.1225 | J20: 43.731401
A21: JAISALMER | B21: JODHPUR | C21: RJ-JODHPUR | H21: 48.142857 | I21: 128.66667 | J21: 108.53571
A22: JALORE | B22: PALI | C22: RJ-JODHPUR | D22: 4.5952381 | E22: 13.071429 | G22: 33.607143 | I22: 72.763393 | J22: 39.539286
A23: JHALAWAR | B23: KOTA | C23: RJ-UDAIPUR | D23: 3.8412698 | E23: 13.959184 | F23: 26.142857 | G23: 35.535714 | H23: 43.142857 | I23: 85.208333 | J23: 23.788328
A24: JHUNJHUNU | B24: JHUNJHUNU | C24: RJ-JAIPUR | D24: 4.6428571 | E24: 10.732143 | F24: 24.107143 | G24: 34.871429 | J24: 16.262245
A25: JODHPUR | B25: JODHPUR | C25: RJ-JODHPUR | D25: 5.0875576 | E25: 14.53867 | F25: 26.10034 | G25: 33.903571 | H25: 45.07619 | I25: 71.745918 | J25: 30.537273
A26: KARAULI | B26: SAWAI MADHOPUR | C26: RJ-JAIPUR | D26: 6.5 | E26: 12.515079 | F26: 21.071429 | G26: 35.495714 | H26: 48.119048 | I26: 121.03571 | J26: 30.150595
A27: KOTA | B27: KOTA | C27: RJ-UDAIPUR | D27: 4.2173077 | E27: 13.985714 | F27: 25.005102 | G27: 35.552143 | H27: 46.428571 | I27: 83.695238 | J27: 29.941531
A28: NAGAUR | B28: AJMER | C28: RJ-JODHPUR | D28: 3.8095238 | E28: 16.011905 | F28: 24.017857 | G28: 31.369048 | H28: 45.75 | I28: 66.452381 | J28: 26.105102
A29: PALI | B29: PALI | C29: RJ-JODHPUR | D29: 6.1285714 | E29: 14.125 | F29: 22.857143 | G29: 34.8625 | H29: 46.005357 | I29: 75.042143 | J29: 38.809524
A30: PRATAPGARH | B30: BHILWARA | C30: RJ-UDAIPUR | D30: 5.3163265 | E30: 16.561224 | F30: 25.488095 | G30: 33.173214 | H30: 44.507143 | I30: 63.464286 | J30: 25.424631
A31: RAJSAMAND | B31: UDAIPUR | C31: RJ-UDAIPUR | D31: 4.8030612 | E31: 14.707143 | F31: 23.440816 | G31: 38.535714 | H31: 45.667857 | I31: 115.03766 | J31: 35.221429
A32: SAWAI MADHOPUR | B32: SAWAI MADHOPUR | C32: RJ-JAIPUR | D32: 4.7346939 | E32: 15.266234 | F32: 25 | G32: 35.076923 | H32: 46.031169 | I32: 84.36756 | J32: 39.095746
A33: SIKAR | B33: JHUNJHUNU | C33: RJ-JAIPUR | D33: 4.5335714 | E33: 14.877619 | F33: 23.341837 | G33: 34.898413 | H33: 44.487755 | I33: 75.298214 | J33: 35.486411
A34: SIROHI | B34: PALI | C34: RJ-JODHPUR | D34: 9.7857143 | E34: 15 | F34: 24.071429 | G34: 33.090476 | H34: 46.785714 | I34: 130.78968 | J34: 63.679464
A35: SRI GANGANAGAR | B35: SRI GANGANAGAR | C35: RJ-JODHPUR | D35: 6.0803571 | E35: 15.778571 | F35: 24.752679 | G35: 35.970408 | H35: 46.738889 | I35: 81.092857 | J35: 51.980268
A36: TONK | B36: AJMER | C36: RJ-JODHPUR | D36: 5.4302198 | E36: 15.13 | F36: 23.857143 | G36: 33.410714 | H36: 48.514286 | I36: 77.228571 | J36: 19.410714
A37: UDAIPUR | B37: UDAIPUR | C37: RJ-UDAIPUR | D37: 4.8181677 | E37: 14.247959 | F37: 25.279048 | G37: 34.241327 | H37: 44.29375 | I37: 86.356535 | J37: 34.95041
A38: Grand Total | D38: 4.7011487 | E38: 14.640992 | F38: 24.846626 | G38: 34.808985 | H38: 45.073264 | I38: 87.993801 | J38: 35.560946

Sheet DIST WIS SLAB
D1: Sale (MT) | K1: # ARS
A2: Dist | B2: AO | C2: State | D2: 0-10 MT | E2: 10-20 MT | F2: 20-00 MT | G2: 30-40 MT | H2: 40-50 MT | I2: >50 MT | J2: Grand Total | K2: 0-10 MT | L2: 10-20 MT | M2: 20-00 MT | N2: 30-40 MT | O2: 40-50 MT | P2: >50 MT | Q2: Grand Total
A3: ALWAR | B3: ALWAR | C3: RJ-JAIPUR | D3: 5.7433673 | E3: 15.001587 | F3: 25.374176 | G3: 35.62619 | H3: 44.690476 | I3: 83.729193 | J3: =SUM(D3:I3) -> 210.16499 | K3: 14 | L3: 18 | M3: 13 | N3: 9 | O3: 3 | P3: 23 | Q3: =SUM(K3:P3) -> 80
A4: BHARATPUR | B4: ALWAR | C4: RJ-JAIPUR | D4: 5.3174603 | E4: 15.914286 | F4: 27 | G4: 36.195238 | H4: 44.857143 | I4: 114.14929 | J4: =SUM(D4:I4) -> 243.43341 | K4: 9 | L4: 5 | M4: 2 | N4: 3 | O4: 6 | P4: 20 | Q4: =SUM(K4:P4) -> 45
A5: DHOLPUR | B5: ALWAR | C5: RJ-JAIPUR | D5: 3.547619 | E5: 15.607143 | F5: 0 | G5: 0 | H5: 45.285714 | I5: 51.22619 | J5: =SUM(D5:I5) -> 115.66667 | K5: 3 | L5: 2 | M5: 0 | N5: 0 | O5: 2 | P5: 3 | Q5: =SUM(K5:P5) -> 10
A6: JAIPUR | B6: JAIPUR | C6: RJ-JAIPUR | D6: 4.6866667 | E6: 15.017857 | F6: 24.563095 | G6: 36.813265 | H6: 44.781513 | I6: 111.1225 | J6: =SUM(D6:I6) -> 236.9849 | K6: 30 | L6: 36 | M6: 24 | N6: 7 | O6: 17 | P6: 40 | Q6: =SUM(K6:P6) -> 154
A7: CHURU | B7: JHUNJHUNU | C7: RJ-JAIPUR | D7: 4.3051948 | E7: 15.818571 | F7: 24.392857 | G7: 34.150893 | H7: 43.392857 | I7: 95.619841 | J7: =SUM(D7:I7) -> 217.68021 | K7: 11 | L7: 10 | M7: 6 | N7: 8 | O7: 2 | P7: 9 | Q7: =SUM(K7:P7) -> 46
A8: JHUNJHUNU | B8: JHUNJHUNU | C8: RJ-JAIPUR | D8: 4.6428571 | E8: 10.732143 | F8: 24.107143 | G8: 34.871429 | H8: 0 | I8: 0 | J8: =SUM(D8:I8) -> 74.353571 | K8: 2 | L8: 2 | M8: 2 | N8: 1 | O8: 0 | P8: 0 | Q8: =SUM(K8:P8) -> 7
A9: SIKAR | B9: JHUNJHUNU | C9: RJ-JAIPUR | D9: 4.5335714 | E9: 14.877619 | F9: 23.341837 | G9: 34.898413 | H9: 44.487755 | I9: 75.298214 | J9: =SUM(D9:I9) -> 197.43741 | K9: 20 | L9: 15 | M9: 7 | N9: 9 | O9: 7 | P9: 24 | Q9: =SUM(K9:P9) -> 82
A10: DAUSA | B10: SAWAI MADHOPUR | C10: RJ-JAIPUR | D10: 3.2420635 | E10: 11.357143 | F10: 22.428571 | G10: 33.142857 | H10: 45.514286 | I10: 106.78571 | J10: =SUM(D10:I10) -> 222.47063 | K10: 9 | L10: 3 | M10: 2 | N10: 2 | O10: 1 | P10: 6 | Q10: =SUM(K10:P10) -> 23
A11: KARAULI | B11: SAWAI MADHOPUR | C11: RJ-JAIPUR | D11: 6.5 | E11: 12.515079 | F11: 21.071429 | G11: 35.495714 | H11: 48.119048 | I11: 121.03571 | J11: =SUM(D11:I11) -> 244.73698 | K11: 4 | L11: 9 | M11: 1 | N11: 5 | O11: 3 | P11: 2 | Q11: =SUM(K11:P11) -> 24
A12: SAWAI MADHOPUR | B12: SAWAI MADHOPUR | C12: RJ-JAIPUR | D12: 4.7346939 | E12: 15.266234 | F12: 25 | G12: 35.076923 | H12: 46.031169 | I12: 84.36756 | J12: =SUM(D12:I12) -> 210.47658 | K12: 21 | L12: 11 | M12: 9 | N12: 13 | O12: 11 | P12: 24 | Q12: =SUM(K12:P12) -> 89
A13: AJMER | B13: AJMER | C13: RJ-JODHPUR | D13: 4.6528061 | E13: 14.886842 | F13: 24.884615 | G13: 36.122321 | H13: 42.216964 | I13: 92.526488 | J13: =SUM(D13:I13) -> 215.29004 | K13: 28 | L13: 19 | M13: 13 | N13: 8 | O13: 8 | P13: 24 | Q13: =SUM(K13:P13) -> 100
A14: NAGAUR | B14: AJMER | C14: RJ-JODHPUR | D14: 3.8095238 | E14: 16.011905 | F14: 24.017857 | G14: 31.369048 | H14: 45.75 | I14: 66.452381 | J14: =SUM(D14:I14) -> 187.41071 | K14: 12 | L14: 6 | M14: 4 | N14: 3 | O14: 4 | P14: 6 | Q14: =SUM(K14:P14) -> 35
... A35: UDAIPUR | B35: UDAIPUR | C35: RJ-UDAIPUR | D35: 4.8181677 | E35: 14.247959 | F35: 25.279048 | G35: 34.241327 | H35: 44.29375 | I35: 86.356535 | J35: =SUM(D35:I35) -> 209.23679 | K35: 46 | L35: 42 | M35: 30 | N35: 28 | O35: 16 | P35: 47 | Q35: =SUM(K35:P35) -> 209
D36: =IFERROR(SUM(D3:D35)/COUNTIF(D3:D35,">0"),0) -> 4.9778625 | E36: =IFERROR(SUM(E3:E35)/COUNTIF(E3:E35,">0"),0) -> 14.504288 | F36: =IFERROR(SUM(F3:F35)/COUNTIF(F3:F35,">0"),0) -> 24.549393 | G36: =IFERROR(SUM(G3:G35)/COUNTIF(G3:G35,">0"),0) -> 34.855359 | H36: =IFERROR(SUM(H3:H35)/COUNTIF(H3:H35,">0"),0) -> 45.473194 | I36: =IFERROR(SUM(I3:I35)/COUNTIF(I3:I35,">0"),0) -> 90.36521 | J36: =IFERROR(SUM(J3:J35)/COUNTIF(J3:J35,">0"),0) -> 201.86224 | K36: =SUM(K3:K35) -> 541 | L36: =SUM(L3:L35) -> 360 | M36: =SUM(M3:M35) -> 290 | N36: =SUM(N3:N35) -> 221 | O36: =SUM(O3:O35) -> 179 | P36: =SUM(P3:P35) -> 492 | Q36: =SUM(K36:P36) -> 2083

Sheet Sheet6
A3: Count of Retailer Desc. | B3: Column Labels
A4: Row Labels | B4: 0-10 MT | C4: 10-20 MT | D4: 20-00 MT | E4: 30-40 MT | F4: 40-50 MT | G4: >50 MT | H4: Grand Total
A5: AJMER | B5: 28 | C5: 19 | D5: 13 | E5: 8 | F5: 8 | G5: 24 | H5: 100
A6: ALWAR | B6: 14 | C6: 18 | D6: 13 | E6: 9 | F6: 3 | G6: 23 | H6: 80
A7: BANSWARA | B7: 19 | C7: 10 | D7: 6 | E7: 6 | F7: 4 | G7: 17 | H7: 62
A8: BARAN | B8: 9 | C8: 7 | D8: 4 | E8: 3 | G8: 3 | H8: 26
A9: BARMER | B9: 13 | C9: 8 | D9: 1 | F9: 5 | G9: 15 | H9: 42
A10: BHARATPUR | B10: 9 | C10: 5 | D10: 2 | E10: 3 | F10: 6 | G10: 20 | H10: 45
A11: BHILWARA | B11: 37 | C11: 9 | D11: 11 | E11: 9 | F11: 7 | G11: 15 | H11: 88
A12: BIKANER | B12: 32 | C12: 13 | D12: 22 | E12: 9 | F12: 11 | G12: 22 | H12: 109
A13: BUNDI | B13: 22 | C13: 8 | D13: 2 | E13: 3 | F13: 1 | G13: 9 | H13: 45
A14: CHITTORGARH | B14: 23 | C14: 17 | D14: 12 | E14: 11 | F14: 7 | G14: 23 | H14: 93
A15: CHURU | B15: 11 | C15: 10 | D15: 6 | E15: 8 | F15: 2 | G15: 9 | H15: 46
A16: DAUSA | B16: 9 | C16: 3 | D16: 2 | E16: 2 | F16: 1 | G16: 6 | H16: 23
A17: DHOLPUR | B17: 3 | C17: 2 | F17: 2 | G17: 3 | H17: 10
A18: DUNGARPUR | B18: 28 | C18: 11 | D18: 18 | E18: 13 | F18: 7 | G18: 12 | H18: 89
A19: HANUMANGARH | B19: 13 | C19: 8 | D19: 11 | E19: 10 | F19: 12 | G19: 18 | H19: 72
A20: JAIPUR | B20: 30 | C20: 36 | D20: 24 | E20: 7 | F20: 17 | G20: 40 | H20: 154
A21: JAISALMER | F21: 1 | G21: 3 | H21: 4
A22: JALORE | B22: 6 | C22: 1 | E22: 5 | G22: 8 | H22: 20
A23: JHALAWAR | B23: 18 | C23: 7 | D23: 7 | E23: 2 | F23: 1 | G23: 6 | H23: 41
A24: JHUNJHUNU | B24: 2 | C24: 2 | D24: 2 | E24: 1 | H24: 7
A25: JODHPUR | B25: 31 | C25: 29 | D25: 42 | E25: 20 | F25: 15 | G25: 28 | H25: 165
A26: KARAULI | B26: 4 | C26: 9 | D26: 1 | E26: 5 | F26: 3 | G26: 2 | H26: 24
A27: KOTA | B27: 26 | C27: 11 | D27: 7 | E27: 10 | F27: 1 | G27: 15 | H27: 70
A28: NAGAUR | B28: 12 | C28: 6 | D28: 4 | E28: 3 | F28: 4 | G28: 6 | H28: 35
A29: PALI | B29: 5 | C29: 6 | D29: 4 | E29: 4 | F29: 4 | G29: 10 | H29: 33
A30: PRATAPGARH | B30: 7 | C30: 7 | D30: 3 | E30: 4 | F30: 7 | G30: 1 | H30: 29
A31: RAJSAMAND | B31: 21 | C31: 10 | D31: 7 | E31: 2 | F31: 4 | G31: 11 | H31: 55
A32: SAWAI MADHOPUR | B32: 21 | C32: 11 | D32: 9 | E32: 13 | F32: 11 | G32: 24 | H32: 89
A33: SIKAR | B33: 20 | C33: 15 | D33: 7 | E33: 9 | F33: 7 | G33: 24 | H33: 82
A34: SIROHI | B34: 1 | C34: 5 | D34: 5 | E34: 3 | F34: 1 | G34: 9 | H34: 24
A35: SRI GANGANAGAR | B35: 8 | C35: 10 | D35: 8 | E35: 7 | F35: 9 | G35: 38 | H35: 80
A36: TONK | B36: 13 | C36: 5 | D36: 7 | E36: 4 | F36: 2 | G36: 1 | H36: 32
... A38: Grand Total | B38: 541 | C38: 360 | D38: 290 | E38: 221 | F38: 179 | G38: 492 | H38: 2083

Sheet mtd sale
A1: Combined | B1: Retailer Code | C1: Retailer Desc. | D1: Concerned Dealer code | E1: Concerned Dealer Name | F1: 24-29 JAN | G1: Silver (in GMS) | H1: Shortfall (Slab) (IN MT) | M1: Dist | N1: AO | O1: State | P1: DOA
H2: 7.5 | I2: 12.5 | J2: 20 | K2: 30 | L2: 50
A3: =B3&D3 -> 806540119029 | B3: 806540 | C3: CHANDA STONE | D3: 119029 | E3: LALLAMAL KANHYALAL & SONS | F3: 0 | G3: =IFERROR(VLOOKUP(F3,Sheet1!$B$15:$D$38,3,1),0) -> 0 | H3: =$H$2-$F3 -> 7.5 | I3: =$I$2-$F3 -> 12.5 | J3: =$J$2-$F3 -> 20 | K3: =$K$2-$F3 -> 30 | L3: =$L$2-$F3 -> 50 | M3: ALWAR | N3: ALWAR | O3: RJ-JAIPUR | P3: 42920
A4: =B4&D4 -> 807228119042 | B4: 807228 | C4: HANSRAJ DAGDI | D4: 119042 | E4: SARAS ENTERPRISES | F4: 0 | G4: =IFERROR(VLOOKUP(F4,Sheet1!$B$15:$D$38,3,1),0) -> 0 | H4: =$H$2-$F4 -> 7.5 | I4: =$I$2-$F4 -> 12.5 | J4: =$J$2-$F4 -> 20 | K4: =$K$2-$F4 -> 30 | L4: =$L$2-$F4 -> 50 | M4: ALWAR | N4: ALWAR | O4: RJ-JAIPUR | P4: 43051
A5: =B5&D5 -> 804178119046 | B5: 804178 | C5: SHIV TRADERS | D5: 119046 | E5: GARG AGRO AGENCIES | F5: 0 | G5: =IFERROR(VLOOKUP(F5,Sheet1!$B$15:$D$38,3,1),0) -> 0 | H5: =$H$2-$F5 -> 7.5 | I5: =$I$2-$F5 -> 12.5 | J5: =$J$2-$F5 -> 20 | K5: =$K$2-$F5 -> 30 | L5: =$L$2-$F5 -> 50 | M5: ALWAR | N5: ALWAR | O5: RJ-JAIPUR | P5: 42227
A6: =B6&D6 -> 804286119046 | B6: 804286 | C6: ASHWINI AND SONS | D6: 119046 | E6: GARG AGRO AGENCIES | F6: 30 | G6: =IFERROR(VLOOKUP(F6,Sheet1!$B$15:$D$38,3,1),0) -> 80 | H6: =$H$2-$F6 -> -22.5 | I6: =$I$2-$F6 -> -17.5 | J6: =$J$2-$F6 -> -10 | K6: =$K$2-$F6 -> 0 | L6: =$L$2-$F6 -> 20 | M6: ALWAR | N6: ALWAR | O6: RJ-JAIPUR | P6: 42262
A7: =B7&D7 -> 806871119046 | B7: 806871 | C7: KISAAN KHAD BEEJ BHANDAR | D7: 119046 | E7: GARG AGRO AGENCIES | F7: 0 | G7: =IFERROR(VLOOKUP(F7,Sheet1!$B$15:$D$38,3,1),0) -> 0 | H7: =$H$2-$F7 -> 7.5 | I7: =$I$2-$F7 -> 12.5 | J7: =$J$2-$F7 -> 20 | K7: =$K$2-$F7 -> 30 | L7: =$L$2-$F7 -> 50 | M7: ALWAR | N7: ALWAR | O7: RJ-JAIPUR | P7: 42989
A8: =B8&D8 -> 809466119046 | B8: 809466 | C8: SHIV SHAKTI TRADERS | D8: 119046 | E8: GARG AGRO AGENCIES | F8: 0 | G8: =IFERROR(VLOOKUP(F8,Sheet1!$B$15:$D$38,3,1),0) -> 0 | H8: =$H$2-$F8 -> 7.5 | I8: =$I$2-$F8 -> 12.5 | J8: =$J$2-$F8 -> 20 | K8: =$K$2-$F8 -> 30 | L8: =$L$2-$F8 -> 50 | M8: ALWAR | N8: ALWAR | O8: RJ-JAIPUR | P8: 43587
A9: =B9&D9 -> 815643119046 | B9: 815643 | C9: NARESH TRADERS | D9: 119046 | E9: GARG AGRO AGENCIES | F9: 0 | G9: =IFERROR(VLOOKUP(F9,Sheet1!$B$15:$D$38,3,1),0) -> 0 | H9: =$H$2-$F9 -> 7.5 | I9: =$I$2-$F9 -> 12.5 | J9: =$J$2-$F9 -> 20 | K9: =$K$2-$F9 -> 30 | L9: =$L$2-$F9 -> 50 | M9: ALWAR | N9: ALWAR | O9: RJ-JAIPUR | P9: 44403
A10: =B10&D10 -> 815644119046 | B10: 815644 | C10: MORDHWAJ CEMENT AGENCY | D10: 119046 | E10: GARG AGRO AGENCIES | F10: 10 | G10: =IFERROR(VLOOKUP(F10,Sheet1!$B$15:$D$38,3,1),0) -> 10 | H10: =$H$2-$F10 -> -2.5 | I10: =$I$2-$F10 -> 2.5 | J10: =$J$2-$F10 -> 10 | K10: =$K$2-$F10 -> 20 | L10: =$L$2-$F10 -> 40 | M10: ALWAR | N10: ALWAR | O10: RJ-JAIPUR | P10: 44403
A11: =B11&D11 -> 810648140481 | B11: 810648 | C11: JAI KISHAN BUILDING MATERIAL S | D11: 140481 | E11: Goyal & Co. | F11: 0 | G11: =IFERROR(VLOOKUP(F11,Sheet1!$B$15:$D$38,3,1),0) -> 0 | H11: =$H$2-$F11 -> 7.5 | I11: =$I$2-$F11 -> 12.5 | J11: =$J$2-$F11 -> 20 | K11: =$K$2-$F11 -> 30 | L11: =$L$2-$F11 -> 50 | M11: ALWAR | N11: ALWAR | O11: RJ-JAIPUR | P11: 43754
A12: =B12&D12 -> 811091140481 | B12: 811091 | C12: SHRI SHYAM STEEL | D12: 140481 | E12: Goyal & Co. | F12: 0 | G12: =IFERROR(VLOOKUP(F12,Sheet1!$B$15:$D$38,3,1),0) -> 0 | H12: =$H$2-$F12 -> 7.5 | I12: =$I$2-$F12 -> 12.5 | J12: =$J$2-$F12 -> 20 | K12: =$K$2-$F12 -> 30 | L12: =$L$2-$F12 -> 50 | M12: ALWAR | N12: ALWAR | O12: RJ-JAIPUR | P12: 43826
A13: =B13&D13 -> 811630140481 | B13: 811630 | C13: PANKAJ KUMAR YADAV | D13: 140481 | E13: Goyal & Co. | F13: 13 | G13: =IFERROR(VLOOKUP(F13,Sheet1!$B$15:$D$38,3,1),0) -> 20 | H13: =$H$2-$F13 -> -5.5 | I13: =$I$2-$F13 -> -0.5 | J13: =$J$2-$F13 -> 7 | K13: =$K$2-$F13 -> 17 | L13: =$L$2-$F13 -> 37 | M13: ALWAR | N13: ALWAR | O13: RJ-JAIPUR | P13: 43888
A14: =B14&D14 -> 812969140481 | B14: 812969 | C14: SHRI BALAJI CEMENT AGENCY | D14: 140481 | E14: Goyal & Co. | F14: 22 | G14: =IFERROR(VLOOKUP(F14,Sheet1!$B$15:$D$38,3,1),0) -> 40 | H14: =$H$2-$F14 -> -14.5 | I14: =$I$2-$F14 -> -9.5 | J14: =$J$2-$F14 -> -2 | K14: =$K$2-$F14 -> 8 | L14: =$L$2-$F14 -> 28 | M14: ALWAR | N14: ALWAR | O14: RJ-JAIPUR | P14: 44092
... A511: =B511&D511 -> 814094211138 | B511: 814094 | C511: OM TRADERS | D511: 211138 | E511: LAXMIKANT BUILDING MATERIAL | F511: 0 | G511: =IFERROR(VLOOKUP(F511,Sheet1!$B$15:$D$38,3,1),0) -> 0 | H511: =$H$2-$F511 -> 7.5 | I511: =$I$2-$F511 -> 12.5 | J511: =$J$2-$F511 -> 20 | K511: =$K$2-$F511 -> 30 | L511: =$L$2-$F511 -> 50 | M511: SAWAI MADHOPUR | N511: SAWAI MADHOPUR | O511: RJ-Jaipur | P511: 44203
D512: TOTAL | F512: =SUM(F3:F511) -> 5594.6 | G512: =SUM(G3:G511) -> 11490

Sheet Sheet1
C12: Bucket-wise volume based payout
C13: Outgo (INR per bag) basis % of bucket's scheme target achievement
C14: Bucket Vol slab | D14: Silver (Grams) | E14: Equivalent Outgo (INR) | F14: Outgo per bag (INR)
B15: 7.5 | C15: 7.5 MT - 12.49 MT | D15: 10 | E15: =D15*70 -> 700 | F15: =E15/B15/20 -> 4.6666667
B16: 12.5 | C16: 12.5 MT - 19.99 MT | D16: 20 | E16: =D16*70 -> 1400 | F16: =E16/B16/20 -> 5.6
B17: 20 | C17: 20 MT- 29.99 MT | D17: 40 | E17: =D17*70 -> 2800 | F17: =E17/B17/20 -> 7
B18: 30 | C18: 30 MT- 49.99 MT | D18: 80 | E18: =D18*70 -> 5600 | F18: =E18/B18/20 -> 9.3333333
B19: 50 | C19: 50 MT-74.99 MT | D19: 160 | E19: =D19*70 -> 11200 | F19: =E19/B19/20 -> 11.2
B20: 75 | C20: On every incremental 10 MT | D20: 160 | E20: =D20*70 -> 11200 | F20: =E20/B20/20 -> 7.4666667 | G20: 5GM ON EVERY 10 MT
B21: =B20+10 -> 85 | D21: =D20+10 -> 170
B22: =B21+10 -> 95 | D22: =D21+5 -> 175
B23: =B22+10 -> 105 | D23: =D22+5 -> 180
B24: =B23+10 -> 115 | D24: =D23+5 -> 185
B25: =B24+10 -> 125 | D25: =D24+5 -> 190
B26: =B25+10 -> 135 | D26: =D25+5 -> 195
B27: =B26+10 -> 145 | D27: =D26+5 -> 200
B28: =B27+10 -> 155 | D28: =D27+5 -> 205
B29: =B28+10 -> 165 | D29: =D28+5 -> 210
B30: =B29+10 -> 175 | D30: =D29+5 -> 215
B31: =B30+10 -> 185 | D31: =D30+5 -> 220
B32: =B31+10 -> 195 | D32: =D31+5 -> 225
B33: =B32+10 -> 205 | D33: =D32+5 -> 230
... B38: =B37+10 -> 255 | D38: =D37+5 -> 255

Sheet Slab
E8: 0 | F8: 0-10 MT
D9: SLAB | E9: 10 | F9: 10-20 MT
E10: 20 | F10: 20-30 MT
E11: 30 | F11: 30-40 MT
E12: 40 | F12: 40-50 MT
E13: 50 | F13: >50 MT
