Workbook

Sheet mtd sale
F1: May'22
A2: Combined | B2: Retailer Code | C2: Retailer Desc- | D2: Concerned Dealer code | E2: Concerned Dealer Name | F2: May (22-30th May) | G2: Dist | H2: AO | I2: State | J2: DOA
A3: =B3&D3 -> 804178119046 | B3: 804178 | C3: SHIV TRADERS | D3: 119046 | E3: GARG AGRO AGENCIES | F3: 20 | G3: ALWAR | H3: ALWAR | I3: RJ-JAIPUR | J3: 42227
A4: =B4&D4 -> 804286119046 | B4: 804286 | C4: ASHWINI AND SONS | D4: 119046 | E4: GARG AGRO AGENCIES | F4: 0 | G4: ALWAR | H4: ALWAR | I4: RJ-JAIPUR | J4: 42262
A5: =B5&D5 -> 804980171880 | B5: 804980 | C5: SHREE OM TRADING COMPANY | D5: 171880 | E5: BHUVAN AGENCIES | F5: 0 | G5: ALWAR | H5: ALWAR | I5: RJ-JAIPUR | J5: 42485
A6: =B6&D6 -> 806430175288 | B6: 806430 | C6: SHUBHAM BUILDIERS | D6: 175288 | E6: LAXMI TRADERS | F6: 0 | G6: ALWAR | H6: ALWAR | I6: RJ-JAIPUR | J6: 42892
A7: =B7&D7 -> 806430210619 | B7: 806430 | C7: SHUBHAM BUILDIERS | D7: 210619 | E7: JAGDAMBA TRADING CO | F7: 20 | G7: ALWAR | H7: ALWAR | I7: RJ-JAIPUR | J7: 42892
A8: =B8&D8 -> 806431149765 | B8: 806431 | C8: SISODIYA TRADERS | D8: 149765 | E8: ARORA CEMENT AGENCY | F8: 0 | G8: ALWAR | H8: ALWAR | I8: RJ-JAIPUR | J8: 42892
A9: =B9&D9 -> 806484148557 | B9: 806484 | C9: GUPTA CEMENT AGENCY | D9: 148557 | E9: MITALI ALLOYS PVT LTD | F9: 31.5 | G9: ALWAR | H9: ALWAR | I9: RJ-JAIPUR | J9: 42906
A10: =B10&D10 -> 806487149765 | B10: 806487 | C10: BANWARI LAL PRAKESH CHAND | D10: 149765 | E10: ARORA CEMENT AGENCY | F10: 25 | G10: ALWAR | H10: ALWAR | I10: RJ-JAIPUR | J10: 42906
A11: =B11&D11 -> 806615149765 | B11: 806615 | C11: MAVAR CEMENT AGENCY | D11: 149765 | E11: ARORA CEMENT AGENCY | F11: 0 | G11: ALWAR | H11: ALWAR | I11: RJ-JAIPUR | J11: 42935
A12: =B12&D12 -> 806689149765 | B12: 806689 | C12: KAKA BUILDERS | D12: 149765 | E12: ARORA CEMENT AGENCY | F12: 0 | G12: ALWAR | H12: ALWAR | I12: RJ-JAIPUR | J12: 42958
A13: =B13&D13 -> 806720172252 | B13: 806720 | C13: YADHWANSHI BUILDING MATERIAL | D13: 172252 | E13: GUPTA TRADERS | F13: 0 | G13: ALWAR | H13: ALWAR | I13: RJ-JAIPUR | J13: 42964
A14: =B14&D14 -> 806721140927 | B14: 806721 | C14: TANVI CEMENT AGENCY | D14: 140927 | E14: SHIV CHARAN LAL RAKESH KUMAR | F14: 20 | G14: ALWAR | H14: ALWAR | I14: RJ-JAIPUR | J14: 42964
... A425: =B425&D425 -> 814733176641 | B425: 814733 | C425: NIRBHAY CEMENT AGENCY | D425: 176641 | E425: UMA IRON & CEMENT AGENCY | F425: 3.5 | G425: BHARATPUR | H425: ALWAR | I425: RJ-JAIPUR | J425: 44266
B426: TOTAL | F426: =SUM(F3:F425) -> 5045.9

Sheet SCHEME
G8: Slab | H8: Tour
G9: 0 | H9: --- | I9: ---
G10: 400 | H10: Goa | I10: Slab-1
G11: 600 | H11: Kerala | I11: Slab-2
G12: 900 | H12: Thailand | I12: Slab-3
G13: 1200 | H13: Singapore | I13: Slab-4

Sheet SUMMARY
E3: Actutal till Feb 2022
C4: Annual Volume in MT | D4: Slab | E4: Qty. | F4: No of ARS
C6: <400 | D6: --- | E6: =SUMIF('mtd sale'!#REF!,SUMMARY!D6,'mtd sale'!#REF!) -> #REF! | F6: =COUNTIF('mtd sale'!#REF!,SUMMARY!D6) -> #REF!
C7: 400-599.99 | D7: Slab-1 | E7: =SUMIF('mtd sale'!#REF!,SUMMARY!D7,'mtd sale'!#REF!) -> #REF! | F7: =COUNTIF('mtd sale'!#REF!,SUMMARY!D7) -> #REF!
C8: 600-899.99 | D8: Slab-2 | E8: =SUMIF('mtd sale'!#REF!,SUMMARY!D8,'mtd sale'!#REF!) -> #REF! | F8: =COUNTIF('mtd sale'!#REF!,SUMMARY!D8) -> #REF!
C9: 900-1199.99 | D9: Slab-3 | E9: =SUMIF('mtd sale'!#REF!,SUMMARY!D9,'mtd sale'!#REF!) -> #REF! | F9: =COUNTIF('mtd sale'!#REF!,SUMMARY!D9) -> #REF!
C10: >=1200 | D10: Slab-4 | E10: =SUMIF('mtd sale'!#REF!,SUMMARY!D10,'mtd sale'!#REF!) -> #REF! | F10: =COUNTIF('mtd sale'!#REF!,SUMMARY!D10) -> #REF!
C11: Total | E11: =SUM(E6:E10) -> #REF! | F11: =SUM(F6:F10) -> #REF!
