Workbook

Sheet SUMMARY
C2: F.Y. 2020-21 (May'20-March'21) | G2: F.Y. 2021-22 (Apr'21-Oct'21) | K2: F.Y. 2022-23 (Apr'22-Oct'22)
B3: DIST. | C3: Total O/S | D3: Total Billing Value | E3: Total sale | F3: Avg. DSO | G3: Total O/S | H3: Total Billing Value | I3: Total sale | J3: Avg. DSO | K3: Total O/S | L3: Total Billing Value | M3: Total sale | N3: Avg. DSO
B4: ALWAR | C4: =SUMIFS('DSO FY 20-21'!AY:AY,'DSO FY 20-21'!$BC:$BC,SUMMARY!$B4) -> 1.1884024e+08 | D4: =SUMIFS('DSO FY 20-21'!BA:BA,'DSO FY 20-21'!$BC:$BC,SUMMARY!$B4) -> 5.8534367e+08 | E4: =SUMIFS('DSO FY 20-21'!AZ:AZ,'DSO FY 20-21'!$BC:$BC,SUMMARY!$B4) -> 81164.25 | F4: =IFERROR(C4/(D4/31),0) -> 6.2938194 | G4: =SUMIFS('DSO FY 21-22'!AY:AY,'DSO FY 21-22'!BC:BC,SUMMARY!B4) -> 85668872 | H4: =SUMIFS('DSO FY 21-22'!AZ:AZ,'DSO FY 21-22'!BC:BC,SUMMARY!B4) -> 4.4376164e+08 | I4: =SUMIFS('DSO FY 21-22'!BA:BA,'DSO FY 21-22'!BC:BC,SUMMARY!B4) -> 116722.3 | J4: =IFERROR(G4/(H4/31),0) -> 5.984598 | K4: =SUMIFS('DSO FY 22-23'!AY:AY,'DSO FY 22-23'!BC:BC,SUMMARY!B4) -> 1.6560557e+08 | L4: =SUMIFS('DSO FY 22-23'!AZ:AZ,'DSO FY 22-23'!BC:BC,SUMMARY!B4) -> 812076616 | M4: =SUMIFS('DSO FY 22-23'!BA:BA,'DSO FY 22-23'!BC:BC,SUMMARY!B4) -> 108320.25 | N4: =IFERROR(K4/(L4/31),0) -> 6.3217835
B5: BHARATPUR | C5: =SUMIFS('DSO FY 20-21'!AY:AY,'DSO FY 20-21'!BC:BC,SUMMARY!B5) -> 9524866.5 | D5: =SUMIFS('DSO FY 20-21'!BA:BA,'DSO FY 20-21'!$BC:$BC,SUMMARY!$B5) -> 368795925 | E5: =SUMIFS('DSO FY 20-21'!AZ:AZ,'DSO FY 20-21'!$BC:$BC,SUMMARY!$B5) -> 50702.9 | F5: =IFERROR(C5/(D5/31),0) -> 0.80063483 | G5: =SUMIFS('DSO FY 21-22'!AY:AY,'DSO FY 21-22'!BC:BC,SUMMARY!B5) -> 9711646.2 | H5: =SUMIFS('DSO FY 21-22'!AZ:AZ,'DSO FY 21-22'!BC:BC,SUMMARY!B5) -> 267507174 | I5: =SUMIFS('DSO FY 21-22'!BA:BA,'DSO FY 21-22'!BC:BC,SUMMARY!B5) -> 66779.35 | J5: =IFERROR(G5/(H5/31),0) -> 1.1254316 | K5: =SUMIFS('DSO FY 22-23'!AY:AY,'DSO FY 22-23'!BC:BC,SUMMARY!B5) -> 983256.85 | L5: =SUMIFS('DSO FY 22-23'!AZ:AZ,'DSO FY 22-23'!BC:BC,SUMMARY!B5) -> 3.9883268e+08 | M5: =SUMIFS('DSO FY 22-23'!BA:BA,'DSO FY 22-23'!BC:BC,SUMMARY!B5) -> 52656.55 | N5: =IFERROR(K5/(L5/31),0) -> 0.076425438
B6: DHOLPUR | C6: =SUMIFS('DSO FY 20-21'!AY:AY,'DSO FY 20-21'!BC:BC,SUMMARY!B6) -> 15361742 | D6: =SUMIFS('DSO FY 20-21'!BA:BA,'DSO FY 20-21'!$BC:$BC,SUMMARY!$B6) -> 41251060 | E6: =SUMIFS('DSO FY 20-21'!AZ:AZ,'DSO FY 20-21'!$BC:$BC,SUMMARY!$B6) -> 5846.85 | F6: =IFERROR(C6/(D6/31),0) -> 11.544286 | G6: =SUMIFS('DSO FY 21-22'!AY:AY,'DSO FY 21-22'!BC:BC,SUMMARY!B6) -> 23781675 | H6: =SUMIFS('DSO FY 21-22'!AZ:AZ,'DSO FY 21-22'!BC:BC,SUMMARY!B6) -> 35453818 | I6: =SUMIFS('DSO FY 21-22'!BA:BA,'DSO FY 21-22'!BC:BC,SUMMARY!B6) -> 10244.2 | J6: =IFERROR(G6/(H6/31),0) -> 20.794148 | K6: =SUMIFS('DSO FY 22-23'!AY:AY,'DSO FY 22-23'!BC:BC,SUMMARY!B6) -> 48390038 | L6: =SUMIFS('DSO FY 22-23'!AZ:AZ,'DSO FY 22-23'!BC:BC,SUMMARY!B6) -> 84659876 | M6: =SUMIFS('DSO FY 22-23'!BA:BA,'DSO FY 22-23'!BC:BC,SUMMARY!B6) -> 11588.25 | N6: =IFERROR(K6/(L6/31),0) -> 17.719034
B7: ALWAR AO | C7: =SUM(C4:C6) -> 1.4372685e+08 | D7: =SUM(D4:D6) -> 995390652 | E7: =SUM(E4:E6) -> 137714 | F7: =IFERROR(C7/(D7/31),0) -> 4.4761644 | G7: =SUM(G4:G6) -> 1.1916219e+08 | H7: =SUM(H4:H6) -> 7.4672263e+08 | I7: =SUM(I4:I6) -> 193745.85 | J7: =IFERROR(G7/(H7/31),0) -> 4.9469881 | K7: =SUM(K4:K6) -> 2.1497886e+08 | L7: =SUM(L4:L6) -> 1295569174 | M7: =SUM(M4:M6) -> 172565.05 | N7: =IFERROR(K7/(L7/31),0) -> 5.1439513
B8: JAIPUR URBAN | C8: =SUMIFS('DSO FY 20-21'!AY:AY,'DSO FY 20-21'!BC:BC,SUMMARY!B8) -> 34777933 | D8: =SUMIFS('DSO FY 20-21'!BA:BA,'DSO FY 20-21'!$BC:$BC,SUMMARY!$B8) -> 456121070 | E8: =SUMIFS('DSO FY 20-21'!AZ:AZ,'DSO FY 20-21'!$BC:$BC,SUMMARY!$B8) -> 64992 | F8: =IFERROR(C8/(D8/31),0) -> 2.3636617 | G8: =SUMIFS('DSO FY 21-22'!AY:AY,'DSO FY 21-22'!BC:BC,SUMMARY!B8) -> 38166187 | H8: =SUMIFS('DSO FY 21-22'!AZ:AZ,'DSO FY 21-22'!BC:BC,SUMMARY!B8) -> 3.705608e+08 | I8: =SUMIFS('DSO FY 21-22'!BA:BA,'DSO FY 21-22'!BC:BC,SUMMARY!B8) -> 108808.55 | J8: =IFERROR(G8/(H8/31),0) -> 3.1928682 | K8: =SUMIFS('DSO FY 22-23'!AY:AY,'DSO FY 22-23'!BC:BC,SUMMARY!B8) -> 1.1341246e+08 | L8: =SUMIFS('DSO FY 22-23'!AZ:AZ,'DSO FY 22-23'!BC:BC,SUMMARY!B8) -> 8.489036e+08 | M8: =SUMIFS('DSO FY 22-23'!BA:BA,'DSO FY 22-23'!BC:BC,SUMMARY!B8) -> 117242.85 | N8: =IFERROR(K8/(L8/31),0) -> 4.1415611
B9: JAIPUR URBAN | C9: =SUM(C8) -> 34777933 | D9: =SUM(D8) -> 456121070 | E9: =SUM(E8) -> 64992 | F9: =IFERROR(C9/(D9/31),0) -> 2.3636617 | G9: =SUM(G8) -> 38166187 | H9: =SUM(H8) -> 3.705608e+08 | I9: =SUM(I8) -> 108808.55 | J9: =IFERROR(G9/(H9/31),0) -> 3.1928682 | K9: =SUM(K8) -> 1.1341246e+08 | L9: =SUM(L8) -> 8.489036e+08 | M9: =SUM(M8) -> 117242.85 | N9: =IFERROR(K9/(L9/31),0) -> 4.1415611
B10: DAUSA | C10: =SUMIFS('DSO FY 20-21'!AY:AY,'DSO FY 20-21'!BC:BC,SUMMARY!B10) -> 21008426 | D10: =SUMIFS('DSO FY 20-21'!BA:BA,'DSO FY 20-21'!$BC:$BC,SUMMARY!$B10) -> 127561160 | E10: =SUMIFS('DSO FY 20-21'!AZ:AZ,'DSO FY 20-21'!$BC:$BC,SUMMARY!$B10) -> 17967.6 | F10: =IFERROR(C10/(D10/31),0) -> 5.105482 | G10: =SUMIFS('DSO FY 21-22'!AY:AY,'DSO FY 21-22'!BC:BC,SUMMARY!B10) -> 14880630 | H10: =SUMIFS('DSO FY 21-22'!AZ:AZ,'DSO FY 21-22'!BC:BC,SUMMARY!B10) -> 87013692 | I10: =SUMIFS('DSO FY 21-22'!BA:BA,'DSO FY 21-22'!BC:BC,SUMMARY!B10) -> 23369.3 | J10: =IFERROR(G10/(H10/31),0) -> 5.3014591 | K10: =SUMIFS('DSO FY 22-23'!AY:AY,'DSO FY 22-23'!BC:BC,SUMMARY!B10) -> 35234040 | L10: =SUMIFS('DSO FY 22-23'!AZ:AZ,'DSO FY 22-23'!BC:BC,SUMMARY!B10) -> 1.9442178e+08 | M10: =SUMIFS('DSO FY 22-23'!BA:BA,'DSO FY 22-23'!BC:BC,SUMMARY!B10) -> 26436.05 | N10: =IFERROR(K10/(L10/31),0) -> 5.6179676
B11: JAIPUR RURAL | C11: =SUMIFS('DSO FY 20-21'!AY:AY,'DSO FY 20-21'!BC:BC,SUMMARY!B11) -> 63633727 | D11: =SUMIFS('DSO FY 20-21'!BA:BA,'DSO FY 20-21'!$BC:$BC,SUMMARY!$B11) -> 196483645 | E11: =SUMIFS('DSO FY 20-21'!AZ:AZ,'DSO FY 20-21'!$BC:$BC,SUMMARY!$B11) -> 29223.35 | F11: =IFERROR(C11/(D11/31),0) -> 10.039744 | G11: =SUMIFS('DSO FY 21-22'!AY:AY,'DSO FY 21-22'!BC:BC,SUMMARY!B11) -> 77140823 | H11: =SUMIFS('DSO FY 21-22'!AZ:AZ,'DSO FY 21-22'!BC:BC,SUMMARY!B11) -> 187295578 | I11: =SUMIFS('DSO FY 21-22'!BA:BA,'DSO FY 21-22'!BC:BC,SUMMARY!B11) -> 52705.9 | J11: =IFERROR(G11/(H11/31),0) -> 12.76787 | K11: =SUMIFS('DSO FY 22-23'!AY:AY,'DSO FY 22-23'!BC:BC,SUMMARY!B11) -> 1.7332497e+08 | L11: =SUMIFS('DSO FY 22-23'!AZ:AZ,'DSO FY 22-23'!BC:BC,SUMMARY!B11) -> 447867829 | M11: =SUMIFS('DSO FY 22-23'!BA:BA,'DSO FY 22-23'!BC:BC,SUMMARY!B11) -> 61533.45 | N11: =IFERROR(K11/(L11/31),0) -> 11.997008
B12: JAIPUR RURAL | C12: =SUM(C10:C11) -> 84642152 | D12: =SUM(D10:D11) -> 324044805 | E12: =SUM(E10:E11) -> 47190.95 | F12: =IFERROR(C12/(D12/31),0) -> 8.0973578 | G12: =SUM(G10:G11) -> 92021453 | H12: =SUM(H10:H11) -> 274309270 | I12: =SUM(I10:I11) -> 76075.2 | J12: =IFERROR(G12/(H12/31),0) -> 10.399448 | K12: =SUM(K10:K11) -> 2.0855901e+08 | L12: =SUM(L10:L11) -> 6.4228961e+08 | M12: =SUM(M10:M11) -> 87969.5 | N12: =IFERROR(K12/(L12/31),0) -> 10.066065
B13: RJ JAIPUR | C13: =SUM(C12,C9,C7) -> 2.6314693e+08 | D13: =SUM(D12,D9,D7) -> 1775556527 | E13: =SUM(E12,E9,E7) -> 249896.95 | F13: =IFERROR(C13/(D13/31),0) -> 4.5943651 | G13: =SUM(G12,G9,G7) -> 2.4934983e+08 | H13: =SUM(H12,H9,H7) -> 1391592701 | I13: =SUM(I12,I9,I7) -> 378629.6 | J13: =IFERROR(G13/(H13/31),0) -> 5.5546748 | K13: =SUM(K12,K9,K7) -> 5.3695032e+08 | L13: =SUM(L12,L9,L7) -> 2786762384 | M13: =SUM(M12,M9,M7) -> 377777.4 | N13: =IFERROR(K13/(L13/31),0) -> 5.9730461
B14: BARMER | C14: =SUMIFS('DSO FY 20-21'!AY:AY,'DSO FY 20-21'!BC:BC,SUMMARY!B14) -> 77231732 | D14: =SUMIFS('DSO FY 20-21'!BA:BA,'DSO FY 20-21'!$BC:$BC,SUMMARY!$B14) -> 2.81377e+08 | E14: =SUMIFS('DSO FY 20-21'!AZ:AZ,'DSO FY 20-21'!$BC:$BC,SUMMARY!$B14) -> 38917.85 | F14: =IFERROR(C14/(D14/31),0) -> 8.5088107 | G14: =SUMIFS('DSO FY 21-22'!AY:AY,'DSO FY 21-22'!BC:BC,SUMMARY!B14) -> 65853502 | H14: =SUMIFS('DSO FY 21-22'!AZ:AZ,'DSO FY 21-22'!BC:BC,SUMMARY!B14) -> 211507090 | I14: =SUMIFS('DSO FY 21-22'!BA:BA,'DSO FY 21-22'!BC:BC,SUMMARY!B14) -> 53356.45 | J14: =IFERROR(G14/(H14/31),0) -> 9.6519628 | K14: =SUMIFS('DSO FY 22-23'!AY:AY,'DSO FY 22-23'!BC:BC,SUMMARY!B14) -> 0 | L14: =SUMIFS('DSO FY 22-23'!AZ:AZ,'DSO FY 22-23'!BC:BC,SUMMARY!B14) -> 0 | M14: =SUMIFS('DSO FY 22-23'!BA:BA,'DSO FY 22-23'!BC:BC,SUMMARY!B14) -> 0 | N14: =IFERROR(K14/(L14/31),0) -> 0
B15: JAISALMER | C15: =SUMIFS('DSO FY 20-21'!AY:AY,'DSO FY 20-21'!BC:BC,SUMMARY!B15) -> 3986551.5 | D15: =SUMIFS('DSO FY 20-21'!BA:BA,'DSO FY 20-21'!$BC:$BC,SUMMARY!$B15) -> 65656180 | E15: =SUMIFS('DSO FY 20-21'!AZ:AZ,'DSO FY 20-21'!$BC:$BC,SUMMARY!$B15) -> 9096 | F15: =IFERROR(C15/(D15/31),0) -> 1.8822767 | G15: =SUMIFS('DSO FY 21-22'!AY:AY,'DSO FY 21-22'!BC:BC,SUMMARY!B15) -> 7903194 | H15: =SUMIFS('DSO FY 21-22'!AZ:AZ,'DSO FY 21-22'!BC:BC,SUMMARY!B15) -> 54122580 | I15: =SUMIFS('DSO FY 21-22'!BA:BA,'DSO FY 21-22'!BC:BC,SUMMARY!B15) -> 14360 | J15: =IFERROR(G15/(H15/31),0) -> 4.5267431 | K15: =SUMIFS('DSO FY 22-23'!AY:AY,'DSO FY 22-23'!BC:BC,SUMMARY!B15) -> 0 | L15: =SUMIFS('DSO FY 22-23'!AZ:AZ,'DSO FY 22-23'!BC:BC,SUMMARY!B15) -> 0 | M15: =SUMIFS('DSO FY 22-23'!BA:BA,'DSO FY 22-23'!BC:BC,SUMMARY!B15) -> 0 | N15: =IFERROR(K15/(L15/31),0) -> 0
B16: BARMER AO | C16: =SUM(C14:C15) -> 81218283 | D16: =SUM(D14:D15) -> 3.4703318e+08 | E16: =SUM(E14:E15) -> 48013.85 | F16: =IFERROR(C16/(D16/31),0) -> 7.2551182 | G16: =SUM(G14:G15) -> 73756696 | H16: =SUM(H14:H15) -> 265629670 | I16: =SUM(I14:I15) -> 67716.45 | J16: =IFERROR(G16/(H16/31),0) -> 8.6076889 | K16: =SUM(K14:K15) -> 0 | L16: =SUM(L14:L15) -> 0 | M16: =SUM(M14:M15) -> 0 | N16: =IFERROR(K16/(L16/31),0) -> 0
B17: JODHPUR | C17: =SUMIFS('DSO FY 20-21'!AY:AY,'DSO FY 20-21'!BC:BC,SUMMARY!B17) -> 2.8388555e+08 | D17: =SUMIFS('DSO FY 20-21'!BA:BA,'DSO FY 20-21'!$BC:$BC,SUMMARY!$B17) -> 764723390 | E17: =SUMIFS('DSO FY 20-21'!AZ:AZ,'DSO FY 20-21'!$BC:$BC,SUMMARY!$B17) -> 104297.9 | F17: =IFERROR(C17/(D17/31),0) -> 11.50802 | G17: =SUMIFS('DSO FY 21-22'!AY:AY,'DSO FY 21-22'!BC:BC,SUMMARY!B17) -> 2.8452441e+08 | H17: =SUMIFS('DSO FY 21-22'!AZ:AZ,'DSO FY 21-22'!BC:BC,SUMMARY!B17) -> 474238103 | I17: =SUMIFS('DSO FY 21-22'!BA:BA,'DSO FY 21-22'!BC:BC,SUMMARY!B17) -> 118800.05 | J17: =IFERROR(G17/(H17/31),0) -> 18.598794 | K17: =SUMIFS('DSO FY 22-23'!AY:AY,'DSO FY 22-23'!BC:BC,SUMMARY!B17) -> 0 | L17: =SUMIFS('DSO FY 22-23'!AZ:AZ,'DSO FY 22-23'!BC:BC,SUMMARY!B17) -> 0 | M17: =SUMIFS('DSO FY 22-23'!BA:BA,'DSO FY 22-23'!BC:BC,SUMMARY!B17) -> 0 | N17: =IFERROR(K17/(L17/31),0) -> 0
B18: NAGAUR | C18: =SUMIFS('DSO FY 20-21'!AY:AY,'DSO FY 20-21'!BC:BC,SUMMARY!B18) -> 51610195 | D18: =SUMIFS('DSO FY 20-21'!BA:BA,'DSO FY 20-21'!$BC:$BC,SUMMARY!$B18) -> 166026750 | E18: =SUMIFS('DSO FY 20-21'!AZ:AZ,'DSO FY 20-21'!$BC:$BC,SUMMARY!$B18) -> 23093.75 | F18: =IFERROR(C18/(D18/31),0) -> 9.6364957 | G18: =SUMIFS('DSO FY 21-22'!AY:AY,'DSO FY 21-22'!BC:BC,SUMMARY!B18) -> 49867314 | H18: =SUMIFS('DSO FY 21-22'!AZ:AZ,'DSO FY 21-22'!BC:BC,SUMMARY!B18) -> 115281283 | I18: =SUMIFS('DSO FY 21-22'!BA:BA,'DSO FY 21-22'!BC:BC,SUMMARY!B18) -> 30406.95 | J18: =IFERROR(G18/(H18/31),0) -> 13.409694 | K18: =SUMIFS('DSO FY 22-23'!AY:AY,'DSO FY 22-23'!BC:BC,SUMMARY!B18) -> 0 | L18: =SUMIFS('DSO FY 22-23'!AZ:AZ,'DSO FY 22-23'!BC:BC,SUMMARY!B18) -> 0 | M18: =SUMIFS('DSO FY 22-23'!BA:BA,'DSO FY 22-23'!BC:BC,SUMMARY!B18) -> 0 | N18: =IFERROR(K18/(L18/31),0) -> 0
B19: JODHPUR AO | C19: =SUM(C17:C18) -> 3.3549575e+08 | D19: =SUM(D17:D18) -> 930750140 | E19: =SUM(E17:E18) -> 127391.65 | F19: =IFERROR(C19/(D19/31),0) -> 11.174178 | G19: =SUM(G17:G18) -> 3.3439172e+08 | H19: =SUM(H17:H18) -> 589519386 | I19: =SUM(I17:I18) -> 149207 | J19: =IFERROR(G19/(H19/31),0) -> 17.584058 | K19: =SUM(K17:K18) -> 0 | L19: =SUM(L17:L18) -> 0 | M19: =SUM(M17:M18) -> 0 | N19: =IFERROR(K19/(L19/31),0) -> 0
B20: JALORE | C20: =SUMIFS('DSO FY 20-21'!AY:AY,'DSO FY 20-21'!BC:BC,SUMMARY!B20) -> 72349625 | D20: =SUMIFS('DSO FY 20-21'!BA:BA,'DSO FY 20-21'!$BC:$BC,SUMMARY!$B20) -> 2.2721538e+08 | E20: =SUMIFS('DSO FY 20-21'!AZ:AZ,'DSO FY 20-21'!$BC:$BC,SUMMARY!$B20) -> 31907.35 | F20: =IFERROR(C20/(D20/31),0) -> 9.8709795 | G20: =SUMIFS('DSO FY 21-22'!AY:AY,'DSO FY 21-22'!BC:BC,SUMMARY!B20) -> 59136734 | H20: =SUMIFS('DSO FY 21-22'!AZ:AZ,'DSO FY 21-22'!BC:BC,SUMMARY!B20) -> 1.8178749e+08 | I20: =SUMIFS('DSO FY 21-22'!BA:BA,'DSO FY 21-22'!BC:BC,SUMMARY!B20) -> 47936.1 | J20: =IFERROR(G20/(H20/31),0) -> 10.084515 | K20: =SUMIFS('DSO FY 22-23'!AY:AY,'DSO FY 22-23'!BC:BC,SUMMARY!B20) -> 0 | L20: =SUMIFS('DSO FY 22-23'!AZ:AZ,'DSO FY 22-23'!BC:BC,SUMMARY!B20) -> 0 | M20: =SUMIFS('DSO FY 22-23'!BA:BA,'DSO FY 22-23'!BC:BC,SUMMARY!B20) -> 0 | N20: =IFERROR(K20/(L20/31),0) -> 0
B21: PALI | C21: =SUMIFS('DSO FY 20-21'!AY:AY,'DSO FY 20-21'!BC:BC,SUMMARY!B21) -> 19683113 | D21: =SUMIFS('DSO FY 20-21'!BA:BA,'DSO FY 20-21'!$BC:$BC,SUMMARY!$B21) -> 2.1196184e+08 | E21: =SUMIFS('DSO FY 20-21'!AZ:AZ,'DSO FY 20-21'!$BC:$BC,SUMMARY!$B21) -> 30468.35 | F21: =IFERROR(C21/(D21/31),0) -> 2.8787093 | G21: =SUMIFS('DSO FY 21-22'!AY:AY,'DSO FY 21-22'!BC:BC,SUMMARY!B21) -> 19351815 | H21: =SUMIFS('DSO FY 21-22'!AZ:AZ,'DSO FY 21-22'!BC:BC,SUMMARY!B21) -> 1.494226e+08 | I21: =SUMIFS('DSO FY 21-22'!BA:BA,'DSO FY 21-22'!BC:BC,SUMMARY!B21) -> 40801.25 | J21: =IFERROR(G21/(H21/31),0) -> 4.0148296 | K21: =SUMIFS('DSO FY 22-23'!AY:AY,'DSO FY 22-23'!BC:BC,SUMMARY!B21) -> 0 | L21: =SUMIFS('DSO FY 22-23'!AZ:AZ,'DSO FY 22-23'!BC:BC,SUMMARY!B21) -> 0 | M21: =SUMIFS('DSO FY 22-23'!BA:BA,'DSO FY 22-23'!BC:BC,SUMMARY!B21) -> 0 | N21: =IFERROR(K21/(L21/31),0) -> 0
B22: SIROHI | C22: =SUMIFS('DSO FY 20-21'!AY:AY,'DSO FY 20-21'!BC:BC,SUMMARY!B22) -> -3227287.6 | D22: =SUMIFS('DSO FY 20-21'!BA:BA,'DSO FY 20-21'!$BC:$BC,SUMMARY!$B22) -> 144547749 | E22: =SUMIFS('DSO FY 20-21'!AZ:AZ,'DSO FY 20-21'!$BC:$BC,SUMMARY!$B22) -> 20634.8 | F22: =IFERROR(C22/(D22/31),0) -> -0.69213057 | G22: =SUMIFS('DSO FY 21-22'!AY:AY,'DSO FY 21-22'!BC:BC,SUMMARY!B22) -> 2399885.7 | H22: =SUMIFS('DSO FY 21-22'!AZ:AZ,'DSO FY 21-22'!BC:BC,SUMMARY!B22) -> 90012276 | I22: =SUMIFS('DSO FY 21-22'!BA:BA,'DSO FY 21-22'!BC:BC,SUMMARY!B22) -> 24441 | J22: =IFERROR(G22/(H22/31),0) -> 0.82651457 | K22: =SUMIFS('DSO FY 22-23'!AY:AY,'DSO FY 22-23'!BC:BC,SUMMARY!B22) -> 0 | L22: =SUMIFS('DSO FY 22-23'!AZ:AZ,'DSO FY 22-23'!BC:BC,SUMMARY!B22) -> 0 | M22: =SUMIFS('DSO FY 22-23'!BA:BA,'DSO FY 22-23'!BC:BC,SUMMARY!B22) -> 0 | N22: =IFERROR(K22/(L22/31),0) -> 0
B23: PALI AO | C23: =SUM(C20:C22) -> 88805451 | D23: =SUM(D20:D22) -> 583724971 | E23: =SUM(E20:E22) -> 83010.5 | F23: =IFERROR(C23/(D23/31),0) -> 4.716209 | G23: =SUM(G20:G22) -> 80888435 | H23: =SUM(H20:H22) -> 421222362 | I23: =SUM(I20:I22) -> 113178.35 | J23: =IFERROR(G23/(H23/31),0) -> 5.9530113 | K23: =SUM(K20:K22) -> 0 | L23: =SUM(L20:L22) -> 0 | M23: =SUM(M20:M22) -> 0 | N23: =IFERROR(K23/(L23/31),0) -> 0
B24: RJ JODHPUR | C24: =SUM(C23,C19,C16) -> 5.0551948e+08 | D24: =SUM(D23,D19,D16) -> 1.8615083e+09 | E24: =SUM(E23,E19,E16) -> 258416 | F24: =IFERROR(C24/(D24/31),0) -> 8.418498 | G24: =SUM(G23,G19,G16) -> 4.8903685e+08 | H24: =SUM(H23,H19,H16) -> 1276371418 | I24: =SUM(I23,I19,I16) -> 330101.8 | J24: =IFERROR(G24/(H24/31),0) -> 11.877532 | K24: =SUM(K23,K19,K16) -> 0 | L24: =SUM(L23,L19,L16) -> 0 | M24: =SUM(M23,M19,M16) -> 0 | N24: =IFERROR(K24/(L24/31),0) -> 0
B25: BIKANER | C25: =SUMIFS('DSO FY 20-21'!AY:AY,'DSO FY 20-21'!BC:BC,SUMMARY!B25) -> 1.1266665e+08 | D25: =SUMIFS('DSO FY 20-21'!BA:BA,'DSO FY 20-21'!$BC:$BC,SUMMARY!$B25) -> 449016240 | E25: =SUMIFS('DSO FY 20-21'!AZ:AZ,'DSO FY 20-21'!$BC:$BC,SUMMARY!$B25) -> 61336.95 | F25: =IFERROR(C25/(D25/31),0) -> 7.7784853 | G25: =SUMIFS('DSO FY 21-22'!AY:AY,'DSO FY 21-22'!BC:BC,SUMMARY!B25) -> 1.0879587e+08 | H25: =SUMIFS('DSO FY 21-22'!AZ:AZ,'DSO FY 21-22'!BC:BC,SUMMARY!B25) -> 326021914 | I25: =SUMIFS('DSO FY 21-22'!BA:BA,'DSO FY 21-22'!BC:BC,SUMMARY!B25) -> 87506.75 | J25: =IFERROR(G25/(H25/31),0) -> 10.344925 | K25: =SUMIFS('DSO FY 22-23'!AY:AY,'DSO FY 22-23'!BC:BC,SUMMARY!B25) -> 0 | L25: =SUMIFS('DSO FY 22-23'!AZ:AZ,'DSO FY 22-23'!BC:BC,SUMMARY!B25) -> 0 | M25: =SUMIFS('DSO FY 22-23'!BA:BA,'DSO FY 22-23'!BC:BC,SUMMARY!B25) -> 0 | N25: =IFERROR(K25/(L25/31),0) -> 0
B26: CHURU | C26: =SUMIFS('DSO FY 20-21'!AY:AY,'DSO FY 20-21'!BC:BC,SUMMARY!B26) -> 38277682 | D26: =SUMIFS('DSO FY 20-21'!BA:BA,'DSO FY 20-21'!$BC:$BC,SUMMARY!$B26) -> 2.2661574e+08 | E26: =SUMIFS('DSO FY 20-21'!AZ:AZ,'DSO FY 20-21'!$BC:$BC,SUMMARY!$B26) -> 30886.85 | F26: =IFERROR(C26/(D26/31),0) -> 5.2362123 | G26: =SUMIFS('DSO FY 21-22'!AY:AY,'DSO FY 21-22'!BC:BC,SUMMARY!B26) -> 35692641 | H26: =SUMIFS('DSO FY 21-22'!AZ:AZ,'DSO FY 21-22'!BC:BC,SUMMARY!B26) -> 1.3441305e+08 | I26: =SUMIFS('DSO FY 21-22'!BA:BA,'DSO FY 21-22'!BC:BC,SUMMARY!B26) -> 36596.65 | J26: =IFERROR(G26/(H26/31),0) -> 8.2318781 | K26: =SUMIFS('DSO FY 22-23'!AY:AY,'DSO FY 22-23'!BC:BC,SUMMARY!B26) -> 0 | L26: =SUMIFS('DSO FY 22-23'!AZ:AZ,'DSO FY 22-23'!BC:BC,SUMMARY!B26) -> 0 | M26: =SUMIFS('DSO FY 22-23'!BA:BA,'DSO FY 22-23'!BC:BC,SUMMARY!B26) -> 0 | N26: =IFERROR(K26/(L26/31),0) -> 0
B27: BIKANER AO | C27: =SUM(C25:C26) -> 1.5094433e+08 | D27: =SUM(D25:D26) -> 6.7563198e+08 | E27: =SUM(E25:E26) -> 92223.8 | F27: =IFERROR(C27/(D27/31),0) -> 6.9257739 | G27: =SUM(G25:G26) -> 1.4448851e+08 | H27: =SUM(H25:H26) -> 4.6043497e+08 | I27: =SUM(I25:I26) -> 124103.4 | J27: =IFERROR(G27/(H27/31),0) -> 9.7280708 | K27: =SUM(K25:K26) -> 0 | L27: =SUM(L25:L26) -> 0 | M27: =SUM(M25:M26) -> 0 | N27: =IFERROR(K27/(L27/31),0) -> 0
B28: JHUNJHUNU | C28: =SUMIFS('DSO FY 20-21'!AY:AY,'DSO FY 20-21'!BC:BC,SUMMARY!B28) -> 32762972 | D28: =SUMIFS('DSO FY 20-21'!BA:BA,'DSO FY 20-21'!$BC:$BC,SUMMARY!$B28) -> 94148967 | E28: =SUMIFS('DSO FY 20-21'!AZ:AZ,'DSO FY 20-21'!$BC:$BC,SUMMARY!$B28) -> 13126.6 | F28: =IFERROR(C28/(D28/31),0) -> 10.787714 | G28: =SUMIFS('DSO FY 21-22'!AY:AY,'DSO FY 21-22'!BC:BC,SUMMARY!B28) -> 44183360 | H28: =SUMIFS('DSO FY 21-22'!AZ:AZ,'DSO FY 21-22'!BC:BC,SUMMARY!B28) -> 88203620 | I28: =SUMIFS('DSO FY 21-22'!BA:BA,'DSO FY 21-22'!BC:BC,SUMMARY!B28) -> 21913.35 | J28: =IFERROR(G28/(H28/31),0) -> 15.528661 | K28: =SUMIFS('DSO FY 22-23'!AY:AY,'DSO FY 22-23'!BC:BC,SUMMARY!B28) -> 0 | L28: =SUMIFS('DSO FY 22-23'!AZ:AZ,'DSO FY 22-23'!BC:BC,SUMMARY!B28) -> 0 | M28: =SUMIFS('DSO FY 22-23'!BA:BA,'DSO FY 22-23'!BC:BC,SUMMARY!B28) -> 0 | N28: =IFERROR(K28/(L28/31),0) -> 0
B29: SIKAR | C29: =SUMIFS('DSO FY 20-21'!AY:AY,'DSO FY 20-21'!BC:BC,SUMMARY!B29) -> 66982156 | D29: =SUMIFS('DSO FY 20-21'!BA:BA,'DSO FY 20-21'!$BC:$BC,SUMMARY!$B29) -> 3.1984659e+08 | E29: =SUMIFS('DSO FY 20-21'!AZ:AZ,'DSO FY 20-21'!$BC:$BC,SUMMARY!$B29) -> 45780.2 | F29: =IFERROR(C29/(D29/31),0) -> 6.4920085 | G29: =SUMIFS('DSO FY 21-22'!AY:AY,'DSO FY 21-22'!BC:BC,SUMMARY!B29) -> 71406348 | H29: =SUMIFS('DSO FY 21-22'!AZ:AZ,'DSO FY 21-22'!BC:BC,SUMMARY!B29) -> 2.403737e+08 | I29: =SUMIFS('DSO FY 21-22'!BA:BA,'DSO FY 21-22'!BC:BC,SUMMARY!B29) -> 63271.55 | J29: =IFERROR(G29/(H29/31),0) -> 9.2089806 | K29: =SUMIFS('DSO FY 22-23'!AY:AY,'DSO FY 22-23'!BC:BC,SUMMARY!B29) -> 0 | L29: =SUMIFS('DSO FY 22-23'!AZ:AZ,'DSO FY 22-23'!BC:BC,SUMMARY!B29) -> 0 | M29: =SUMIFS('DSO FY 22-23'!BA:BA,'DSO FY 22-23'!BC:BC,SUMMARY!B29) -> 0 | N29: =IFERROR(K29/(L29/31),0) -> 0
B30: SIKAR AO | C30: =SUM(C28:C29) -> 99745128 | D30: =SUM(D28:D29) -> 4.1399556e+08 | E30: =SUM(E28:E29) -> 58906.8 | F30: =IFERROR(C30/(D30/31),0) -> 7.4689181 | G30: =SUM(G28:G29) -> 1.1558971e+08 | H30: =SUM(H28:H29) -> 328577323 | I30: =SUM(I28:I29) -> 85184.9 | J30: =IFERROR(G30/(H30/31),0) -> 10.905442 | K30: =SUM(K28:K29) -> 0 | L30: =SUM(L28:L29) -> 0 | M30: =SUM(M28:M29) -> 0 | N30: =IFERROR(K30/(L30/31),0) -> 0
B31: HANUMANGARH | C31: =SUMIFS('DSO FY 20-21'!AY:AY,'DSO FY 20-21'!BC:BC,SUMMARY!B31) -> 42519847 | D31: =SUMIFS('DSO FY 20-21'!BA:BA,'DSO FY 20-21'!$BC:$BC,SUMMARY!$B31) -> 403749682 | E31: =SUMIFS('DSO FY 20-21'!AZ:AZ,'DSO FY 20-21'!$BC:$BC,SUMMARY!$B31) -> 55071.3 | F31: =IFERROR(C31/(D31/31),0) -> 3.2646843 | G31: =SUMIFS('DSO FY 21-22'!AY:AY,'DSO FY 21-22'!BC:BC,SUMMARY!B31) -> 54676335 | H31: =SUMIFS('DSO FY 21-22'!AZ:AZ,'DSO FY 21-22'!BC:BC,SUMMARY!B31) -> 279887478 | I31: =SUMIFS('DSO FY 21-22'!BA:BA,'DSO FY 21-22'!BC:BC,SUMMARY!B31) -> 74547.75 | J31: =IFERROR(G31/(H31/31),0) -> 6.055885 | K31: =SUMIFS('DSO FY 22-23'!AY:AY,'DSO FY 22-23'!BC:BC,SUMMARY!B31) -> 0 | L31: =SUMIFS('DSO FY 22-23'!AZ:AZ,'DSO FY 22-23'!BC:BC,SUMMARY!B31) -> 0 | M31: =SUMIFS('DSO FY 22-23'!BA:BA,'DSO FY 22-23'!BC:BC,SUMMARY!B31) -> 0 | N31: =IFERROR(K31/(L31/31),0) -> 0
B32: SRI GANGANAGAR | C32: =SUMIFS('DSO FY 20-21'!AY:AY,'DSO FY 20-21'!BC:BC,SUMMARY!B32) -> 8182257.1 | D32: =SUMIFS('DSO FY 20-21'!BA:BA,'DSO FY 20-21'!$BC:$BC,SUMMARY!$B32) -> 5.3921013e+08 | E32: =SUMIFS('DSO FY 20-21'!AZ:AZ,'DSO FY 20-21'!$BC:$BC,SUMMARY!$B32) -> 73628.55 | F32: =IFERROR(C32/(D32/31),0) -> 0.47041024 | G32: =SUMIFS('DSO FY 21-22'!AY:AY,'DSO FY 21-22'!BC:BC,SUMMARY!B32) -> 26526434 | H32: =SUMIFS('DSO FY 21-22'!AZ:AZ,'DSO FY 21-22'!BC:BC,SUMMARY!B32) -> 375862324 | I32: =SUMIFS('DSO FY 21-22'!BA:BA,'DSO FY 21-22'!BC:BC,SUMMARY!B32) -> 91997.95 | J32: =IFERROR(G32/(H32/31),0) -> 2.1878209 | K32: =SUMIFS('DSO FY 22-23'!AY:AY,'DSO FY 22-23'!BC:BC,SUMMARY!B32) -> 0 | L32: =SUMIFS('DSO FY 22-23'!AZ:AZ,'DSO FY 22-23'!BC:BC,SUMMARY!B32) -> 0 | M32: =SUMIFS('DSO FY 22-23'!BA:BA,'DSO FY 22-23'!BC:BC,SUMMARY!B32) -> 0 | N32: =IFERROR(K32/(L32/31),0) -> 0
B33: SGNR AO | C33: =SUM(C31:C32) -> 50702104 | D33: =SUM(D31:D32) -> 9.4295981e+08 | E33: =SUM(E31:E32) -> 128699.85 | F33: =IFERROR(C33/(D33/31),0) -> 1.6668422 | G33: =SUM(G31:G32) -> 81202769 | H33: =SUM(H31:H32) -> 655749802 | I33: =SUM(I31:I32) -> 166545.7 | J33: =IFERROR(G33/(H33/31),0) -> 3.8387901 | K33: =SUM(K31:K32) -> 0 | L33: =SUM(L31:L32) -> 0 | M33: =SUM(M31:M32) -> 0 | N33: =IFERROR(K33/(L33/31),0) -> 0
B34: RJ-SGNR | C34: =SUM(C33,C30,C27) -> 3.0139157e+08 | D34: =SUM(D33,D30,D27) -> 2.0325874e+09 | E34: =SUM(E33,E30,E27) -> 279830.45 | F34: =IFERROR(C34/(D34/31),0) -> 4.5966726 | G34: =SUM(G33,G30,G27) -> 3.4128099e+08 | H34: =SUM(H33,H30,H27) -> 1.4447621e+09 | I34: =SUM(I33,I30,I27) -> 375834 | J34: =IFERROR(G34/(H34/31),0) -> 7.3228048 | K34: =SUM(K33,K30,K27) -> 0 | L34: =SUM(L33,L30,L27) -> 0 | M34: =SUM(M33,M30,M27) -> 0 | N34: =IFERROR(K34/(L34/31),0) -> 0
B35: West-1-A | C35: =SUM(C34,C24,C13) -> 1.070058e+09 | D35: =SUM(D34,D24,D13) -> 5669652182 | E35: =SUM(E34,E24,E13) -> 788143.4 | F35: =IFERROR(C35/(D35/31),0) -> 5.8507641 | G35: =SUM(G34,G24,G13) -> 1.0796677e+09 | H35: =SUM(H34,H24,H13) -> 4.1127262e+09 | I35: =SUM(I34,I24,I13) -> 1084565.4 | J35: =IFERROR(G35/(H35/31),0) -> 8.1380807 | K35: =SUM(K34,K24,K13) -> 5.3695032e+08 | L35: =SUM(L34,L24,L13) -> 2786762384 | M35: =SUM(M34,M24,M13) -> 377777.4 | N35: =IFERROR(K35/(L35/31),0) -> 5.9730461
B36: BHILWARA | C36: =SUMIFS('DSO FY 20-21'!AY:AY,'DSO FY 20-21'!BC:BC,SUMMARY!B36) -> 32916988 | D36: =SUMIFS('DSO FY 20-21'!BA:BA,'DSO FY 20-21'!$BC:$BC,SUMMARY!$B36) -> 222592247 | E36: =SUMIFS('DSO FY 20-21'!AZ:AZ,'DSO FY 20-21'!$BC:$BC,SUMMARY!$B36) -> 31901.9 | F36: =IFERROR(C36/(D36/31),0) -> 4.5842865 | G36: =SUMIFS('DSO FY 21-22'!AY:AY,'DSO FY 21-22'!BC:BC,SUMMARY!B36) -> 32484167 | H36: =SUMIFS('DSO FY 21-22'!AZ:AZ,'DSO FY 21-22'!BC:BC,SUMMARY!B36) -> 178384713 | I36: =SUMIFS('DSO FY 21-22'!BA:BA,'DSO FY 21-22'!BC:BC,SUMMARY!B36) -> 46518 | J36: =IFERROR(G36/(H36/31),0) -> 5.6451541 | K36: =SUMIFS('DSO FY 22-23'!AY:AY,'DSO FY 22-23'!BC:BC,SUMMARY!B36) -> 0 | L36: =SUMIFS('DSO FY 22-23'!AZ:AZ,'DSO FY 22-23'!BC:BC,SUMMARY!B36) -> 0 | M36: =SUMIFS('DSO FY 22-23'!BA:BA,'DSO FY 22-23'!BC:BC,SUMMARY!B36) -> 0 | N36: =IFERROR(K36/(L36/31),0) -> 0
B37: CHITTORGARH | C37: =SUMIFS('DSO FY 20-21'!AY:AY,'DSO FY 20-21'!BC:BC,SUMMARY!B37) -> 59242248 | D37: =SUMIFS('DSO FY 20-21'!BA:BA,'DSO FY 20-21'!$BC:$BC,SUMMARY!$B37) -> 3.8185607e+08 | E37: =SUMIFS('DSO FY 20-21'!AZ:AZ,'DSO FY 20-21'!$BC:$BC,SUMMARY!$B37) -> 53830.45 | F37: =IFERROR(C37/(D37/31),0) -> 4.809429 | G37: =SUMIFS('DSO FY 21-22'!AY:AY,'DSO FY 21-22'!BC:BC,SUMMARY!B37) -> 47075989 | H37: =SUMIFS('DSO FY 21-22'!AZ:AZ,'DSO FY 21-22'!BC:BC,SUMMARY!B37) -> 2.6454658e+08 | I37: =SUMIFS('DSO FY 21-22'!BA:BA,'DSO FY 21-22'!BC:BC,SUMMARY!B37) -> 73205.8 | J37: =IFERROR(G37/(H37/31),0) -> 5.5164413 | K37: =SUMIFS('DSO FY 22-23'!AY:AY,'DSO FY 22-23'!BC:BC,SUMMARY!B37) -> 0 | L37: =SUMIFS('DSO FY 22-23'!AZ:AZ,'DSO FY 22-23'!BC:BC,SUMMARY!B37) -> 0 | M37: =SUMIFS('DSO FY 22-23'!BA:BA,'DSO FY 22-23'!BC:BC,SUMMARY!B37) -> 0 | N37: =IFERROR(K37/(L37/31),0) -> 0
B38: PRATAPGARH | C38: =SUMIFS('DSO FY 20-21'!AY:AY,'DSO FY 20-21'!BC:BC,SUMMARY!B38) -> 24004514 | D38: =SUMIFS('DSO FY 20-21'!BA:BA,'DSO FY 20-21'!$BC:$BC,SUMMARY!$B38) -> 173003794 | E38: =SUMIFS('DSO FY 20-21'!AZ:AZ,'DSO FY 20-21'!$BC:$BC,SUMMARY!$B38) -> 25147.9 | F38: =IFERROR(C38/(D38/31),0) -> 4.3012927 | G38: =SUMIFS('DSO FY 21-22'!AY:AY,'DSO FY 21-22'!BC:BC,SUMMARY!B38) -> 22419813 | H38: =SUMIFS('DSO FY 21-22'!AZ:AZ,'DSO FY 21-22'!BC:BC,SUMMARY!B38) -> 96230896 | I38: =SUMIFS('DSO FY 21-22'!BA:BA,'DSO FY 21-22'!BC:BC,SUMMARY!B38) -> 27903.25 | J38: =IFERROR(G38/(H38/31),0) -> 7.2223602 | K38: =SUMIFS('DSO FY 22-23'!AY:AY,'DSO FY 22-23'!BC:BC,SUMMARY!B38) -> 0 | L38: =SUMIFS('DSO FY 22-23'!AZ:AZ,'DSO FY 22-23'!BC:BC,SUMMARY!B38) -> 0 | M38: =SUMIFS('DSO FY 22-23'!BA:BA,'DSO FY 22-23'!BC:BC,SUMMARY!B38) -> 0 | N38: =IFERROR(K38/(L38/31),0) -> 0
B39: BHILWARA AO | C39: =SUM(C36:C38) -> 1.1616375e+08 | D39: =SUM(D36:D38) -> 7.7745211e+08 | E39: =SUM(E36:E38) -> 110880.25 | F39: 4.6318946 | G39: =SUM(G36:G38) -> 1.0197997e+08 | H39: =SUM(H36:H38) -> 539162186 | I39: =SUM(I36:I38) -> 147627.05 | J39: 5.4803252 | K39: =SUM(K36:K38) -> 0 | L39: =SUM(L36:L38) -> 0 | M39: =SUM(M36:M38) -> 0 | N39: 5.3006891
B40: BANSWARA | C40: =SUMIFS('DSO FY 20-21'!AY:AY,'DSO FY 20-21'!BC:BC,SUMMARY!B40) -> 63171998 | D40: =SUMIFS('DSO FY 20-21'!BA:BA,'DSO FY 20-21'!$BC:$BC,SUMMARY!$B40) -> 3.4309419e+08 | E40: =SUMIFS('DSO FY 20-21'!AZ:AZ,'DSO FY 20-21'!$BC:$BC,SUMMARY!$B40) -> 49489.05 | F40: =IFERROR(C40/(D40/31),0) -> 5.7078552 | G40: =SUMIFS('DSO FY 21-22'!AY:AY,'DSO FY 21-22'!BC:BC,SUMMARY!B40) -> 38582222 | H40: =SUMIFS('DSO FY 21-22'!AZ:AZ,'DSO FY 21-22'!BC:BC,SUMMARY!B40) -> 210908585 | I40: =SUMIFS('DSO FY 21-22'!BA:BA,'DSO FY 21-22'!BC:BC,SUMMARY!B40) -> 58809.5 | J40: =IFERROR(G40/(H40/31),0) -> 5.670935 | K40: =SUMIFS('DSO FY 22-23'!AY:AY,'DSO FY 22-23'!BC:BC,SUMMARY!B40) -> 0 | L40: =SUMIFS('DSO FY 22-23'!AZ:AZ,'DSO FY 22-23'!BC:BC,SUMMARY!B40) -> 0 | M40: =SUMIFS('DSO FY 22-23'!BA:BA,'DSO FY 22-23'!BC:BC,SUMMARY!B40) -> 0 | N40: =IFERROR(K40/(L40/31),0) -> 0
B41: DUNGARPUR | C41: =SUMIFS('DSO FY 20-21'!AY:AY,'DSO FY 20-21'!BC:BC,SUMMARY!B41) -> 83158749 | D41: =SUMIFS('DSO FY 20-21'!BA:BA,'DSO FY 20-21'!$BC:$BC,SUMMARY!$B41) -> 4.3402891e+08 | E41: =SUMIFS('DSO FY 20-21'!AZ:AZ,'DSO FY 20-21'!$BC:$BC,SUMMARY!$B41) -> 62404.25 | F41: =IFERROR(C41/(D41/31),0) -> 5.939515 | G41: =SUMIFS('DSO FY 21-22'!AY:AY,'DSO FY 21-22'!BC:BC,SUMMARY!B41) -> 71364259 | H41: =SUMIFS('DSO FY 21-22'!AZ:AZ,'DSO FY 21-22'!BC:BC,SUMMARY!B41) -> 2.611563e+08 | I41: =SUMIFS('DSO FY 21-22'!BA:BA,'DSO FY 21-22'!BC:BC,SUMMARY!B41) -> 73764.25 | J41: =IFERROR(G41/(H41/31),0) -> 8.4711416 | K41: =SUMIFS('DSO FY 22-23'!AY:AY,'DSO FY 22-23'!BC:BC,SUMMARY!B41) -> 0 | L41: =SUMIFS('DSO FY 22-23'!AZ:AZ,'DSO FY 22-23'!BC:BC,SUMMARY!B41) -> 0 | M41: =SUMIFS('DSO FY 22-23'!BA:BA,'DSO FY 22-23'!BC:BC,SUMMARY!B41) -> 0 | N41: =IFERROR(K41/(L41/31),0) -> 0
B42: DUNGARPUR AO | C42: =SUM(C40:C41) -> 1.4633075e+08 | D42: =SUM(D40:D41) -> 777123098 | E42: =SUM(E40:E41) -> 111893.3 | F42: 5.8372389 | G42: =SUM(G40:G41) -> 1.0994648e+08 | H42: =SUM(H40:H41) -> 4.7206489e+08 | I42: =SUM(I40:I41) -> 132573.75 | J42: 7.700264 | K42: =SUM(K40:K41) -> 0 | L42: =SUM(L40:L41) -> 0 | M42: =SUM(M40:M41) -> 0 | N42: 7.7086775
B43: RAJSAMAND | C43: =SUMIFS('DSO FY 20-21'!AY:AY,'DSO FY 20-21'!BC:BC,SUMMARY!B43) -> 17680972 | D43: =SUMIFS('DSO FY 20-21'!BA:BA,'DSO FY 20-21'!$BC:$BC,SUMMARY!$B43) -> 203495861 | E43: =SUMIFS('DSO FY 20-21'!AZ:AZ,'DSO FY 20-21'!$BC:$BC,SUMMARY!$B43) -> 29401.5 | F43: =IFERROR(C43/(D43/31),0) -> 2.6934707 | G43: =SUMIFS('DSO FY 21-22'!AY:AY,'DSO FY 21-22'!BC:BC,SUMMARY!B43) -> 14737177 | H43: =SUMIFS('DSO FY 21-22'!AZ:AZ,'DSO FY 21-22'!BC:BC,SUMMARY!B43) -> 1.1540383e+08 | I43: =SUMIFS('DSO FY 21-22'!BA:BA,'DSO FY 21-22'!BC:BC,SUMMARY!B43) -> 31780.85 | J43: =IFERROR(G43/(H43/31),0) -> 3.9587291 | K43: =SUMIFS('DSO FY 22-23'!AY:AY,'DSO FY 22-23'!BC:BC,SUMMARY!B43) -> 0 | L43: =SUMIFS('DSO FY 22-23'!AZ:AZ,'DSO FY 22-23'!BC:BC,SUMMARY!B43) -> 0 | M43: =SUMIFS('DSO FY 22-23'!BA:BA,'DSO FY 22-23'!BC:BC,SUMMARY!B43) -> 0 | N43: =IFERROR(K43/(L43/31),0) -> 0
B44: UDAIPUR | C44: =SUMIFS('DSO FY 20-21'!AY:AY,'DSO FY 20-21'!BC:BC,SUMMARY!B44) -> 49038321 | D44: =SUMIFS('DSO FY 20-21'!BA:BA,'DSO FY 20-21'!$BC:$BC,SUMMARY!$B44) -> 6.8639659e+08 | E44: =SUMIFS('DSO FY 20-21'!AZ:AZ,'DSO FY 20-21'!$BC:$BC,SUMMARY!$B44) -> 98733.4 | F44: =IFERROR(C44/(D44/31),0) -> 2.214737 | G44: =SUMIFS('DSO FY 21-22'!AY:AY,'DSO FY 21-22'!BC:BC,SUMMARY!B44) -> 67154744 | H44: =SUMIFS('DSO FY 21-22'!AZ:AZ,'DSO FY 21-22'!BC:BC,SUMMARY!B44) -> 4.5685128e+08 | I44: =SUMIFS('DSO FY 21-22'!BA:BA,'DSO FY 21-22'!BC:BC,SUMMARY!B44) -> 127628.4 | J44: =IFERROR(G44/(H44/31),0) -> 4.5568375 | K44: =SUMIFS('DSO FY 22-23'!AY:AY,'DSO FY 22-23'!BC:BC,SUMMARY!B44) -> 0 | L44: =SUMIFS('DSO FY 22-23'!AZ:AZ,'DSO FY 22-23'!BC:BC,SUMMARY!B44) -> 0 | M44: =SUMIFS('DSO FY 22-23'!BA:BA,'DSO FY 22-23'!BC:BC,SUMMARY!B44) -> 0 | N44: =IFERROR(K44/(L44/31),0) -> 0
B45: UDAIPUR AO | C45: =SUM(C43:C44) -> 66719293 | D45: =SUM(D43:D44) -> 8.8989245e+08 | E45: =SUM(E43:E44) -> 128134.9 | F45: 2.3242113 | G45: =SUM(G43:G44) -> 81891921 | H45: =SUM(H43:H44) -> 572255111 | I45: =SUM(I43:I44) -> 159409.25 | J45: 4.2941512 | K45: =SUM(K43:K44) -> 0 | L45: =SUM(L43:L44) -> 0 | M45: =SUM(M43:M44) -> 0 | N45: 4.859509
B46: RJ- UDAIPUR | C46: =SUM(C45,C42,C39) -> 3.2921379e+08 | D46: =SUM(D45,D42,D39) -> 2444467662 | E46: =SUM(E45,E42,E39) -> 350908.45 | F46: 4.1749898 | G46: =SUM(G45,G42,G39) -> 2.9381837e+08 | H46: =SUM(H45,H42,H39) -> 1.5834822e+09 | I46: =SUM(I45,I42,I39) -> 439610.05 | J46: 5.7163063 | K46: =SUM(K45,K42,K39) -> 0 | L46: =SUM(L45,L42,L39) -> 0 | M46: =SUM(M45,M42,M39) -> 0 | N46: 5.8877196
B47: AJMER | C47: =SUMIFS('DSO FY 20-21'!AY:AY,'DSO FY 20-21'!BC:BC,SUMMARY!B47) -> -2703162.4 | D47: =SUMIFS('DSO FY 20-21'!BA:BA,'DSO FY 20-21'!$BC:$BC,SUMMARY!$B47) -> 3.606743e+08 | E47: =SUMIFS('DSO FY 20-21'!AZ:AZ,'DSO FY 20-21'!$BC:$BC,SUMMARY!$B47) -> 51484.8 | F47: =IFERROR(C47/(D47/31),0) -> -0.23233713 | G47: =SUMIFS('DSO FY 21-22'!AY:AY,'DSO FY 21-22'!BC:BC,SUMMARY!B47) -> 19300386 | H47: =SUMIFS('DSO FY 21-22'!AZ:AZ,'DSO FY 21-22'!BC:BC,SUMMARY!B47) -> 229503507 | I47: =SUMIFS('DSO FY 21-22'!BA:BA,'DSO FY 21-22'!BC:BC,SUMMARY!B47) -> 59873.7 | J47: =IFERROR(G47/(H47/31),0) -> 2.606984 | K47: =SUMIFS('DSO FY 22-23'!AY:AY,'DSO FY 22-23'!BC:BC,SUMMARY!B47) -> 0 | L47: =SUMIFS('DSO FY 22-23'!AZ:AZ,'DSO FY 22-23'!BC:BC,SUMMARY!B47) -> 0 | M47: =SUMIFS('DSO FY 22-23'!BA:BA,'DSO FY 22-23'!BC:BC,SUMMARY!B47) -> 0 | N47: =IFERROR(K47/(L47/31),0) -> 0
B48: TONK | C48: =SUMIFS('DSO FY 20-21'!AY:AY,'DSO FY 20-21'!BC:BC,SUMMARY!B48) -> 13836143 | D48: =SUMIFS('DSO FY 20-21'!BA:BA,'DSO FY 20-21'!$BC:$BC,SUMMARY!$B48) -> 1.4500501e+08 | E48: =SUMIFS('DSO FY 20-21'!AZ:AZ,'DSO FY 20-21'!$BC:$BC,SUMMARY!$B48) -> 20312 | F48: =IFERROR(C48/(D48/31),0) -> 2.9579697 | G48: =SUMIFS('DSO FY 21-22'!AY:AY,'DSO FY 21-22'!BC:BC,SUMMARY!B48) -> 18633248 | H48: =SUMIFS('DSO FY 21-22'!AZ:AZ,'DSO FY 21-22'!BC:BC,SUMMARY!B48) -> 92099254 | I48: =SUMIFS('DSO FY 21-22'!BA:BA,'DSO FY 21-22'!BC:BC,SUMMARY!B48) -> 24742.3 | J48: =IFERROR(G48/(H48/31),0) -> 6.271828 | K48: =SUMIFS('DSO FY 22-23'!AY:AY,'DSO FY 22-23'!BC:BC,SUMMARY!B48) -> 0 | L48: =SUMIFS('DSO FY 22-23'!AZ:AZ,'DSO FY 22-23'!BC:BC,SUMMARY!B48) -> 0 | M48: =SUMIFS('DSO FY 22-23'!BA:BA,'DSO FY 22-23'!BC:BC,SUMMARY!B48) -> 0 | N48: =IFERROR(K48/(L48/31),0) -> 0
B49: AJMER AO | C49: =SUM(C47:C48) -> 11132981 | D49: =SUM(D47:D48) -> 505679317 | E49: =SUM(E47:E48) -> 71796.8 | F49: =IFERROR(C49/(D49/31),0) -> 0.68249262 | G49: =SUM(G47:G48) -> 37933633 | H49: =SUM(H47:H48) -> 3.2160276e+08 | I49: =SUM(I47:I48) -> 84616 | J49: =IFERROR(G49/(H49/31),0) -> 3.6565067 | K49: =SUM(K47:K48) -> 0 | L49: =SUM(L47:L48) -> 0 | M49: =SUM(M47:M48) -> 0 | N49: =IFERROR(K49/(L49/31),0) -> 0
B50: BARAN | C50: =SUMIFS('DSO FY 20-21'!AY:AY,'DSO FY 20-21'!BC:BC,SUMMARY!B50) -> 53413786 | D50: =SUMIFS('DSO FY 20-21'!BA:BA,'DSO FY 20-21'!$BC:$BC,SUMMARY!$B50) -> 1.1163937e+08 | E50: =SUMIFS('DSO FY 20-21'!AZ:AZ,'DSO FY 20-21'!$BC:$BC,SUMMARY!$B50) -> 16219.15 | F50: =IFERROR(C50/(D50/31),0) -> 14.83193 | G50: =SUMIFS('DSO FY 21-22'!AY:AY,'DSO FY 21-22'!BC:BC,SUMMARY!B50) -> 52781454 | H50: =SUMIFS('DSO FY 21-22'!AZ:AZ,'DSO FY 21-22'!BC:BC,SUMMARY!B50) -> 85611308 | I50: =SUMIFS('DSO FY 21-22'!BA:BA,'DSO FY 21-22'!BC:BC,SUMMARY!B50) -> 21817.95 | J50: =IFERROR(G50/(H50/31),0) -> 19.112254 | K50: =SUMIFS('DSO FY 22-23'!AY:AY,'DSO FY 22-23'!BC:BC,SUMMARY!B50) -> 0 | L50: =SUMIFS('DSO FY 22-23'!AZ:AZ,'DSO FY 22-23'!BC:BC,SUMMARY!B50) -> 0 | M50: =SUMIFS('DSO FY 22-23'!BA:BA,'DSO FY 22-23'!BC:BC,SUMMARY!B50) -> 0 | N50: =IFERROR(K50/(L50/31),0) -> 0
B51: BUNDI | C51: =SUMIFS('DSO FY 20-21'!AY:AY,'DSO FY 20-21'!BC:BC,SUMMARY!B51) -> 25951355 | D51: =SUMIFS('DSO FY 20-21'!BA:BA,'DSO FY 20-21'!$BC:$BC,SUMMARY!$B51) -> 1.4183476e+08 | E51: =SUMIFS('DSO FY 20-21'!AZ:AZ,'DSO FY 20-21'!$BC:$BC,SUMMARY!$B51) -> 20371.95 | F51: =IFERROR(C51/(D51/31),0) -> 5.6720372 | G51: =SUMIFS('DSO FY 21-22'!AY:AY,'DSO FY 21-22'!BC:BC,SUMMARY!B51) -> 23684647 | H51: =SUMIFS('DSO FY 21-22'!AZ:AZ,'DSO FY 21-22'!BC:BC,SUMMARY!B51) -> 82781681 | I51: =SUMIFS('DSO FY 21-22'!BA:BA,'DSO FY 21-22'!BC:BC,SUMMARY!B51) -> 24005.25 | J51: =IFERROR(G51/(H51/31),0) -> 8.8694027 | K51: =SUMIFS('DSO FY 22-23'!AY:AY,'DSO FY 22-23'!BC:BC,SUMMARY!B51) -> 0 | L51: =SUMIFS('DSO FY 22-23'!AZ:AZ,'DSO FY 22-23'!BC:BC,SUMMARY!B51) -> 0 | M51: =SUMIFS('DSO FY 22-23'!BA:BA,'DSO FY 22-23'!BC:BC,SUMMARY!B51) -> 0 | N51: =IFERROR(K51/(L51/31),0) -> 0
B52: JHALAWAR | C52: =SUMIFS('DSO FY 20-21'!AY:AY,'DSO FY 20-21'!BC:BC,SUMMARY!B52) -> 21321342 | D52: =SUMIFS('DSO FY 20-21'!BA:BA,'DSO FY 20-21'!$BC:$BC,SUMMARY!$B52) -> 135620125 | E52: =SUMIFS('DSO FY 20-21'!AZ:AZ,'DSO FY 20-21'!$BC:$BC,SUMMARY!$B52) -> 19681.5 | F52: =IFERROR(C52/(D52/31),0) -> 4.8736249 | G52: =SUMIFS('DSO FY 21-22'!AY:AY,'DSO FY 21-22'!BC:BC,SUMMARY!B52) -> 16994034 | H52: =SUMIFS('DSO FY 21-22'!AZ:AZ,'DSO FY 21-22'!BC:BC,SUMMARY!B52) -> 88241074 | I52: =SUMIFS('DSO FY 21-22'!BA:BA,'DSO FY 21-22'!BC:BC,SUMMARY!B52) -> 25407.5 | J52: =IFERROR(G52/(H52/31),0) -> 5.9701796 | K52: =SUMIFS('DSO FY 22-23'!AY:AY,'DSO FY 22-23'!BC:BC,SUMMARY!B52) -> 0 | L52: =SUMIFS('DSO FY 22-23'!AZ:AZ,'DSO FY 22-23'!BC:BC,SUMMARY!B52) -> 0 | M52: =SUMIFS('DSO FY 22-23'!BA:BA,'DSO FY 22-23'!BC:BC,SUMMARY!B52) -> 0 | N52: =IFERROR(K52/(L52/31),0) -> 0
B53: KOTA | C53: =SUMIFS('DSO FY 20-21'!AY:AY,'DSO FY 20-21'!BC:BC,SUMMARY!B53) -> 51489925 | D53: =SUMIFS('DSO FY 20-21'!BA:BA,'DSO FY 20-21'!$BC:$BC,SUMMARY!$B53) -> 208444337 | E53: =SUMIFS('DSO FY 20-21'!AZ:AZ,'DSO FY 20-21'!$BC:$BC,SUMMARY!$B53) -> 30156.65 | F53: =IFERROR(C53/(D53/31),0) -> 7.6576207 | G53: =SUMIFS('DSO FY 21-22'!AY:AY,'DSO FY 21-22'!BC:BC,SUMMARY!B53) -> 59185678 | H53: =SUMIFS('DSO FY 21-22'!AZ:AZ,'DSO FY 21-22'!BC:BC,SUMMARY!B53) -> 120634220 | I53: =SUMIFS('DSO FY 21-22'!BA:BA,'DSO FY 21-22'!BC:BC,SUMMARY!B53) -> 35534.7 | J53: =IFERROR(G53/(H53/31),0) -> 15.20925 | K53: =SUMIFS('DSO FY 22-23'!AY:AY,'DSO FY 22-23'!BC:BC,SUMMARY!B53) -> 0 | L53: =SUMIFS('DSO FY 22-23'!AZ:AZ,'DSO FY 22-23'!BC:BC,SUMMARY!B53) -> 0 | M53: =SUMIFS('DSO FY 22-23'!BA:BA,'DSO FY 22-23'!BC:BC,SUMMARY!B53) -> 0 | N53: =IFERROR(K53/(L53/31),0) -> 0
B54: KOTA AO | C54: =SUM(C50:C53) -> 1.5217641e+08 | D54: =SUM(D50:D53) -> 597538588 | E54: =SUM(E50:E53) -> 86429.25 | F54: =IFERROR(C54/(D54/31),0) -> 7.8948352 | G54: =SUM(G50:G53) -> 1.5264581e+08 | H54: =SUM(H50:H53) -> 3.7726828e+08 | I54: =SUM(I50:I53) -> 106765.4 | J54: =IFERROR(G54/(H54/31),0) -> 12.542852 | K54: =SUM(K50:K53) -> 0 | L54: =SUM(L50:L53) -> 0 | M54: =SUM(M50:M53) -> 0 | N54: =IFERROR(K54/(L54/31),0) -> 0
B55: KARAULI | C55: =SUMIFS('DSO FY 20-21'!AY:AY,'DSO FY 20-21'!BC:BC,SUMMARY!B55) -> 1.6767976e+08 | D55: =SUMIFS('DSO FY 20-21'!BA:BA,'DSO FY 20-21'!$BC:$BC,SUMMARY!$B55) -> 308752757 | E55: =SUMIFS('DSO FY 20-21'!AZ:AZ,'DSO FY 20-21'!$BC:$BC,SUMMARY!$B55) -> 42281.1 | F55: =IFERROR(C55/(D55/31),0) -> 16.835712 | G55: =SUMIFS('DSO FY 21-22'!AY:AY,'DSO FY 21-22'!BC:BC,SUMMARY!B55) -> 88239396 | H55: =SUMIFS('DSO FY 21-22'!AZ:AZ,'DSO FY 21-22'!BC:BC,SUMMARY!B55) -> 1.4625854e+08 | I55: =SUMIFS('DSO FY 21-22'!BA:BA,'DSO FY 21-22'!BC:BC,SUMMARY!B55) -> 38009.85 | J55: =IFERROR(G55/(H55/31),0) -> 18.702643 | K55: =SUMIFS('DSO FY 22-23'!AY:AY,'DSO FY 22-23'!BC:BC,SUMMARY!B55) -> 0 | L55: =SUMIFS('DSO FY 22-23'!AZ:AZ,'DSO FY 22-23'!BC:BC,SUMMARY!B55) -> 0 | M55: =SUMIFS('DSO FY 22-23'!BA:BA,'DSO FY 22-23'!BC:BC,SUMMARY!B55) -> 0 | N55: =IFERROR(K55/(L55/31),0) -> 0
B56: SAWAI MADHOPUR | C56: =SUMIFS('DSO FY 20-21'!AY:AY,'DSO FY 20-21'!BC:BC,SUMMARY!B56) -> 1.2886635e+08 | D56: =SUMIFS('DSO FY 20-21'!BA:BA,'DSO FY 20-21'!$BC:$BC,SUMMARY!$B56) -> 502778153 | E56: =SUMIFS('DSO FY 20-21'!AZ:AZ,'DSO FY 20-21'!$BC:$BC,SUMMARY!$B56) -> 71261.4 | F56: =IFERROR(C56/(D56/31),0) -> 7.9455658 | G56: =SUMIFS('DSO FY 21-22'!AY:AY,'DSO FY 21-22'!BC:BC,SUMMARY!B56) -> 1.09892e+08 | H56: =SUMIFS('DSO FY 21-22'!AZ:AZ,'DSO FY 21-22'!BC:BC,SUMMARY!B56) -> 318694823 | I56: =SUMIFS('DSO FY 21-22'!BA:BA,'DSO FY 21-22'!BC:BC,SUMMARY!B56) -> 81795.2 | J56: =IFERROR(G56/(H56/31),0) -> 10.689386 | K56: =SUMIFS('DSO FY 22-23'!AY:AY,'DSO FY 22-23'!BC:BC,SUMMARY!B56) -> 0 | L56: =SUMIFS('DSO FY 22-23'!AZ:AZ,'DSO FY 22-23'!BC:BC,SUMMARY!B56) -> 0 | M56: =SUMIFS('DSO FY 22-23'!BA:BA,'DSO FY 22-23'!BC:BC,SUMMARY!B56) -> 0 | N56: =IFERROR(K56/(L56/31),0) -> 0
B57: SWM AO | C57: =SUM(C55:C56) -> 2.9654611e+08 | D57: =SUM(D55:D56) -> 811530910 | E57: =SUM(E55:E56) -> 113542.5 | F57: =IFERROR(C57/(D57/31),0) -> 11.327886 | G57: =SUM(G55:G56) -> 1.981314e+08 | H57: =SUM(H55:H56) -> 4.6495337e+08 | I57: =SUM(I55:I56) -> 119805.05 | J57: =IFERROR(G57/(H57/31),0) -> 13.210085 | K57: =SUM(K55:K56) -> 0 | L57: =SUM(L55:L56) -> 0 | M57: =SUM(M55:M56) -> 0 | N57: =IFERROR(K57/(L57/31),0) -> 0
B58: RJ-AJMER | C58: =SUM(C57,C54,C49) -> 4.598555e+08 | D58: =SUM(D57,D54,D49) -> 1914748815 | E58: =SUM(E57,E54,E49) -> 271768.55 | F58: =IFERROR(C58/(D58/31),0) -> 7.4451126 | G58: =SUM(G57,G54,G49) -> 3.8871085e+08 | H58: =SUM(H57,H54,H49) -> 1.1638244e+09 | I58: =SUM(I57,I54,I49) -> 311186.45 | J58: =IFERROR(G58/(H58/31),0) -> 10.353827 | K58: =SUM(K57,K54,K49) -> 0 | L58: =SUM(L57,L54,L49) -> 0 | M58: =SUM(M57,M54,M49) -> 0 | N58: =IFERROR(K58/(L58/31),0) -> 0
B59: West-1-B | C59: =SUM(C58,C46) -> 7.8906929e+08 | D59: =SUM(D58,D46) -> 4359216477 | E59: =SUM(E58,E46) -> 622677 | F59: =IFERROR(C59/(D59/31),0) -> 5.6113635 | G59: =SUM(G58,G46) -> 6.8252922e+08 | H59: =SUM(H58,H46) -> 2747306597 | I59: =SUM(I58,I46) -> 750796.5 | J59: =IFERROR(G59/(H59/31),0) -> 7.7015087 | K59: =SUM(K58,K46) -> 0 | L59: =SUM(L58,L46) -> 0 | M59: =SUM(M58,M46) -> 0 | N59: =IFERROR(K59/(L59/31),0) -> 0
B60: RAJASTHAN | C60: =SUM(C59,C35) -> 1.8591273e+09 | D60: =SUM(D59,D35) -> 10028868659 | E60: =SUM(E59,E35) -> 1410820.4 | F60: =IFERROR(C60/(D60/31),0) -> 5.7467046 | G60: =SUM(G59,G35) -> 1.7621969e+09 | H60: =SUM(H59,H35) -> 6.8600328e+09 | I60: =SUM(I59,I35) -> 1835361.9 | J60: =IFERROR(G60/(H60/31),0) -> 7.9632423 | K60: =SUM(K59,K35) -> 5.3695032e+08 | L60: =SUM(L59,L35) -> 2786762384 | M60: =SUM(M59,M35) -> 377777.4 | N60: =IFERROR(K60/(L60/31),0) -> 5.9730461

Sheet DSO FY 20-21
C1: Apr'20 | G1: May'20 | K1: Jun'20 | O1: July'20 | S1: Aug'20 | W1: Sep'20 | AA1: Oct'20 | AE1: Nov'20 | AI1: Dec'20 | AM1: Jan'21 | AQ1: Feb'21 | AU1: Mar'21 | AY1: Avg. DSO (May 20-Mar 21)
A2: SOLD TO PARTY | B2: CUSTOMER DESCRIPTION | C2: Apr'20 | D2: Sale | E2: Billing Value (Apr'20) | F2: DSO | G2: May'20 | H2: Sale | I2: Billing value (May'20) | J2: DSO | K2: Jun'20 | L2: Jun'20 | M2: Billing value (Jun'20) | N2: DSO | O2: July'20 | P2: July'20 | Q2: Billing value (Jul'20) | R2: DSO | S2: Aug'20 | T2: Aug'20 | U2: Billing value (Aug'20) | V2: DSO | W2: Sep'20 | X2: Sep'20 | Y2: Billing value (Sep'20) | Z2: DSO | AA2: Oct'20 | AB2: Oct'20 | AC2: Billing value (Oct'20) | AD2: DSO | AE2: Nov'20 | AF2: Nov'20 | AG2: Billing value (Nov'20) | AH2: DSO | AI2: Dec'20 | AJ2: Dec'20 | AK2: Billing value (Dec'20) | AL2: DSO | AM2: Jan'21 | AN2: Jan'21 | AO2: Billing value (Jan'21) | AP2: DSO | AQ2: Feb'21 | AR2: Feb'21 | AS2: Billing value (Feb'21) | AT2: DSO | AU2: Mar'21 | AV2: Mar'21 | AW2: Billing value (Mar'21) | AX2: DSO | AY2: Total O/S | AZ2: Total Sale | BA2: Total Billing Value | BB2: Avg. DSO | BC2: District | BD2: AO | BE2: Stat
A3: 119043 | B3: AJAY TRADERS | C3: -209165.29 | D3: 0 | E3: 0 | F3: =IFERROR(C3/(E3/30),0) -> 0 | G3: -282465.29 | H3: 45 | I3: 338400 | J3: =IFERROR(G3/(I3/31),0) -> -25.875957 | K3: -286065.29 | L3: 0 | M3: 0 | N3: =IFERROR(K3/(M3/30),0) -> 0 | O3: -142265.29 | P3: 20 | Q3: 149400 | R3: =IFERROR(O3/(Q3/31),0) -> -29.519572 | S3: 167934.71 | T3: 102 | U3: 754840 | V3: =IFERROR(S3/(U3/31),0) -> 6.896794 | W3: -99310.08 | X3: 96 | Y3: 703220 | Z3: =IFERROR(W3/(Y3/30),0) -> -4.2366577 | AA3: -107715.08 | AB3: 51.5 | AC3: 378780 | AD3: =IFERROR(AA3/(AC3/31),0) -> -8.8155855 | AE3: -102160.66 | AF3: 42 | AG3: 328440 | AH3: =IFERROR(AE3/(AG3/30),0) -> -9.331445 | AI3: 134134.34 | AJ3: 78.5 | AK3: 564230 | AL3: =IFERROR(AI3/(AK3/31),0) -> 7.3696268 | AM3: 234199.34 | AN3: 117 | AO3: 839940 | AP3: =IFERROR(AM3/(AO3/31),0) -> 8.6436883 | AQ3: -55060.65 | AR3: 115 | AS3: 815400 | AT3: =IFERROR(AQ3/(AS3/28),0) -> -1.8907263 | AU3: 246319.33 | AV3: 130 | AW3: 993800 | AX3: =IFERROR(AU3/(AW3/31),0) -> 7.6835372 | AY3: =G3+K3+O3+S3+W3+AA3+AE3+AI3+AM3+AQ3+AU3 -> -292454.62 | AZ3: =H3+L3+P3+T3+X3+AB3+AF3+AJ3+AN3+AR3+AV3 -> 797 | BA3: =I3+M3+Q3+U3+Y3+AC3+AG3+AK3+AO3+AS3+AW3 -> 5866450 | BB3: =IFERROR(AY3/(BA3/31),0) -> -1.5454139 | BC3: ALWAR | BD3: ALWAR | BE3: RJ-JAIPUR
A4: 119046 | B4: GARG AGRO AGENCIES | C4: 288530.47 | D4: 124.5 | E4: 936550 | F4: =IFERROR(C4/(E4/30),0) -> 9.2423406 | G4: -287894.53 | H4: 832 | I4: 5996100 | J4: =IFERROR(G4/(I4/31),0) -> -1.4884225 | K4: -357044.53 | L4: 661 | M4: 4779650 | N4: =IFERROR(K4/(M4/30),0) -> -2.2410293 | O4: -655947.84 | P4: 605 | Q4: 4323900 | R4: =IFERROR(O4/(Q4/31),0) -> -4.7027875 | S4: 17309.16 | T4: 554 | U4: 3979500 | V4: =IFERROR(S4/(U4/31),0) -> 0.13483703 | W4: -345070.89 | X4: 385 | Y4: 2686100 | Z4: =IFERROR(W4/(Y4/30),0) -> -3.8539618 | AA4: -632154.89 | AB4: 603.5 | AC4: 4471950 | AD4: =IFERROR(AA4/(AC4/31),0) -> -4.3821603 | AE4: 63169.77 | AF4: 567.5 | AG4: 4230110 | AH4: =IFERROR(AE4/(AG4/30),0) -> 0.4480009 | AI4: -375080.23 | AJ4: 404.5 | AK4: 2847690 | AL4: =IFERROR(AI4/(AK4/31),0) -> -4.0831295 | AM4: 92167.88 | AN4: 508 | AO4: 3545200 | AP4: =IFERROR(AM4/(AO4/31),0) -> 0.80593599 | AQ4: -233283.15 | AR4: 536.5 | AS4: 3839750 | AT4: =IFERROR(AQ4/(AS4/28),0) -> -1.7011337 | AU4: -501810.17 | AV4: 651 | AW4: 4677790 | AX4: =IFERROR(AU4/(AW4/31),0) -> -3.3255266 | AY4: =G4+K4+O4+S4+W4+AA4+AE4+AI4+AM4+AQ4+AU4 -> -3215639.4 | AZ4: =H4+L4+P4+T4+X4+AB4+AF4+AJ4+AN4+AR4+AV4 -> 6308 | BA4: =I4+M4+Q4+U4+Y4+AC4+AG4+AK4+AO4+AS4+AW4 -> 45377740 | BB4: =IFERROR(AY4/(BA4/31),0) -> -2.196778 | BC4: ALWAR | BD4: ALWAR | BE4: RJ-JAIPUR
A5: 122712 | B5: RAJ BUILDING MATERIAL | C5: 0 | D5: 45 | E5: 315900 | F5: =IFERROR(C5/(E5/30),0) -> 0 | G5: 0 | H5: 0 | I5: 0 | J5: =IFERROR(G5/(I5/31),0) -> 0 | K5: 226689.93 | L5: 35 | M5: 248500 | N5: =IFERROR(K5/(M5/30),0) -> 27.366994 | O5: -17210.07 | P5: 42 | Q5: 294840 | R5: =IFERROR(O5/(Q5/31),0) -> -1.8094973 | S5: -15385.07 | T5: 41.5 | U5: 287180 | V5: =IFERROR(S5/(U5/31),0) -> -1.6607604 | W5: -9545.07 | X5: 26.5 | Y5: 180730 | Z5: =IFERROR(W5/(Y5/30),0) -> -1.5844193 | AA5: -2100.07 | AB5: 7.5 | AC5: 54525 | AD5: =IFERROR(AA5/(AC5/31),0) -> -1.1939875 | AE5: -18224.73 | AF5: 49.5 | AG5: 362715 | AH5: =IFERROR(AE5/(AG5/30),0) -> -1.5073595 | AI5: 71705.27 | AJ5: 22.5 | AK5: 152325 | AL5: =IFERROR(AI5/(AK5/31),0) -> 14.592899 | AM5: -20579.73 | AN5: 42 | AO5: 286440 | AP5: =IFERROR(AM5/(AO5/31),0) -> -2.2272435 | AQ5: -2049.73 | AR5: 5 | AS5: 34850 | AT5: =IFERROR(AQ5/(AS5/28),0) -> -1.6468419 | AU5: 246790.27 | AV5: 42 | AW5: 291480 | AX5: =IFERROR(AU5/(AW5/31),0) -> 26.247078 | AY5: =G5+K5+O5+S5+W5+AA5+AE5+AI5+AM5+AQ5+AU5 -> 460091 | AZ5: =H5+L5+P5+T5+X5+AB5+AF5+AJ5+AN5+AR5+AV5 -> 313.5 | BA5: =I5+M5+Q5+U5+Y5+AC5+AG5+AK5+AO5+AS5+AW5 -> 2193585 | BB5: =IFERROR(AY5/(BA5/31),0) -> 6.5020599 | BC5: ALWAR | BD5: ALWAR | BE5: RJ-JAIPUR
A6: 140481 | B6: Goyal & Co. | C6: -27705.76 | D6: 100 | E6: 732000 | F6: =IFERROR(C6/(E6/30),0) -> -1.135482 | G6: -197863.28 | H6: 485.3 | I6: 3540096 | J6: =IFERROR(G6/(I6/31),0) -> -1.7326541 | K6: 243418.72 | L6: 466 | M6: 3410720 | N6: =IFERROR(K6/(M6/30),0) -> 2.1410616 | O6: 1134388.6 | P6: 416.9 | Q6: 3026673 | R6: =IFERROR(O6/(Q6/31),0) -> 11.618713 | S6: 1673626.6 | T6: 302.55 | U6: 2202073.5 | V6: =IFERROR(S6/(U6/31),0) -> 23.560714 | W6: 1555757.1 | X6: 332.5 | Y6: 2363865 | Z6: =IFERROR(W6/(Y6/30),0) -> 19.744238 | AA6: 1467331.1 | AB6: 375 | AC6: 2796050 | AD6: =IFERROR(AA6/(AC6/31),0) -> 16.268401 | AE6: 1533499.8 | AF6: 335.5 | AG6: 2567210 | AH6: =IFERROR(AE6/(AG6/30),0) -> 17.92023 | AI6: 1336299.8 | AJ6: 435 | AK6: 3128050 | AL6: =IFERROR(AI6/(AK6/31),0) -> 13.243168 | AM6: 1420819.7 | AN6: 288 | AO6: 2070310 | AP6: =IFERROR(AM6/(AO6/31),0) -> 21.27479 | AQ6: 1719882.7 | AR6: 358 | AS6: 2611710 | AT6: =IFERROR(AQ6/(AS6/28),0) -> 18.438768 | AU6: 1859526.6 | AV6: 423 | AW6: 3056840 | AX6: =IFERROR(AU6/(AW6/31),0) -> 18.857815 | AY6: =G6+K6+O6+S6+W6+AA6+AE6+AI6+AM6+AQ6+AU6 -> 13746687 | AZ6: =H6+L6+P6+T6+X6+AB6+AF6+AJ6+AN6+AR6+AV6 -> 4217.75 | BA6: =I6+M6+Q6+U6+Y6+AC6+AG6+AK6+AO6+AS6+AW6 -> 30773598 | BB6: =IFERROR(AY6/(BA6/31),0) -> 13.847822 | BC6: ALWAR | BD6: ALWAR | BE6: RJ-JAIPUR
A7: 140927 | B7: SHIV CHARAN LAL RAKESH KUMAR | C7: -6752.19 | D7: 51.5 | E7: 366205 | F7: =IFERROR(C7/(E7/30),0) -> -0.55314837 | G7: 173640.31 | H7: 150.75 | I7: 1083877.5 | J7: =IFERROR(G7/(I7/31),0) -> 4.9662896 | K7: -23014.69 | L7: 102 | M7: 740365 | N7: =IFERROR(K7/(M7/30),0) -> -0.93256799 | O7: 49856.83 | P7: 151 | Q7: 1074720 | R7: =IFERROR(O7/(Q7/31),0) -> 1.4381064 | S7: 143046.83 | T7: 150 | U7: 1075250 | V7: =IFERROR(S7/(U7/31),0) -> 4.1241123 | W7: 58775.43 | X7: 177.1 | Y7: 1260502 | Z7: =IFERROR(W7/(Y7/30),0) -> 1.3988577 | AA7: 231235.94 | AB7: 217 | AC7: 1586115 | AD7: =IFERROR(AA7/(AC7/31),0) -> 4.5194164 | AE7: 182966.97 | AF7: 176.95 | AG7: 1338471.5 | AH7: =IFERROR(AE7/(AG7/30),0) -> 4.1009533 | AI7: -13942.03 | AJ7: 265.5 | AK7: 1868935 | AL7: =IFERROR(AI7/(AK7/31),0) -> -0.23125627 | AM7: 59630.93 | AN7: 278.5 | AO7: 1959020 | AP7: =IFERROR(AM7/(AO7/31),0) -> 0.94361407 | AQ7: 207137.43 | AR7: 329.25 | AS7: 2360447.5 | AT7: =IFERROR(AQ7/(AS7/28),0) -> 2.4570968 | AU7: 145951.74 | AV7: 355.4 | AW7: 2597976 | AX7: =IFERROR(AU7/(AW7/31),0) -> 1.7415496 | AY7: =G7+K7+O7+S7+W7+AA7+AE7+AI7+AM7+AQ7+AU7 -> 1215285.7 | AZ7: =H7+L7+P7+T7+X7+AB7+AF7+AJ7+AN7+AR7+AV7 -> 2353.45 | BA7: =I7+M7+Q7+U7+Y7+AC7+AG7+AK7+AO7+AS7+AW7 -> 16945680 | BB7: =IFERROR(AY7/(BA7/31),0) -> 2.2232131 | BC7: ALWAR | BD7: ALWAR | BE7: RJ-JAIPUR
A8: 141581 | B8: GUPTA KHAD BEEJ BHANDAR | C8: -1699.96 | D8: 20 | E8: 146600 | F8: =IFERROR(C8/(E8/30),0) -> -0.34787722 | G8: -19203.36 | H8: 87 | I8: 637040 | J8: =IFERROR(G8/(I8/31),0) -> -0.93448474 | K8: -34115.36 | L8: 87.5 | M8: 636050 | N8: =IFERROR(K8/(M8/30),0) -> -1.6090886 | O8: 150697.68 | P8: 71.5 | Q8: 502280 | R8: =IFERROR(O8/(Q8/31),0) -> 9.3008443 | S8: -18935.32 | T8: 56.5 | U8: 416730 | V8: =IFERROR(S8/(U8/31),0) -> -1.4085737 | W8: 63679.68 | X8: 53 | Y8: 382310 | Z8: =IFERROR(W8/(Y8/30),0) -> 4.9969669 | AA8: 123399.68 | AB8: 60 | AC8: 442050 | AD8: =IFERROR(AA8/(AC8/31),0) -> 8.6537498 | AE8: 52749.84 | AF8: 55 | AG8: 416600 | AH8: =IFERROR(AE8/(AG8/30),0) -> 3.7985963 | AI8: -27250.16 | AJ8: 63.5 | AK8: 447720 | AL8: =IFERROR(AI8/(AK8/31),0) -> -1.886793 | AM8: -46120.16 | AN8: 74 | AO8: 525440 | AP8: =IFERROR(AM8/(AO8/31),0) -> -2.7210052 | AQ8: 80114.84 | AR8: 94.5 | AS8: 678440 | AT8: =IFERROR(AQ8/(AS8/28),0) -> 3.3064317 | AU8: 7028.34 | AV8: 57 | AW8: 406780 | AX8: =IFERROR(AU8/(AW8/31),0) -> 0.53561763 | AY8: =G8+K8+O8+S8+W8+AA8+AE8+AI8+AM8+AQ8+AU8 -> 332045.7 | AZ8: =H8+L8+P8+T8+X8+AB8+AF8+AJ8+AN8+AR8+AV8 -> 759.5 | BA8: =I8+M8+Q8+U8+Y8+AC8+AG8+AK8+AO8+AS8+AW8 -> 5491440 | BB8: =IFERROR(AY8/(BA8/31),0) -> 1.8744476 | BC8: ALWAR | BD8: ALWAR | BE8: RJ-JAIPUR
A9: 142759 | B9: GUPTA AGENCIES | C9: -8195.34 | D9: 61.5 | E9: 459680 | F9: =IFERROR(C9/(E9/30),0) -> -0.53485077 | G9: -29720.34 | H9: 110.5 | I9: 828960 | J9: =IFERROR(G9/(I9/31),0) -> -1.1114294 | K9: 44619.66 | L9: 50 | M9: 371900 | N9: =IFERROR(K9/(M9/30),0) -> 3.5993272 | O9: -25886.77 | P9: 63 | Q9: 468360 | R9: =IFERROR(O9/(Q9/31),0) -> -1.7134039 | S9: 267729.23 | T9: 71 | U9: 521320 | V9: =IFERROR(S9/(U9/31),0) -> 15.920368 | W9: 29299.23 | X9: 10 | Y9: 73100 | Z9: =IFERROR(W9/(Y9/30),0) -> 12.024308 | AA9: 53719.23 | AB9: 50 | AC9: 372600 | AD9: =IFERROR(AA9/(AC9/31),0) -> 4.4693938 | AE9: 154464.29 | AF9: 53.5 | AG9: 409470 | AH9: =IFERROR(AE9/(AG9/30),0) -> 11.316894 | AI9: -35040.71 | AJ9: 50 | AK9: 357700 | AL9: =IFERROR(AI9/(AK9/31),0) -> -3.0367962 | AM9: -6090.7 | AN9: 10 | AO9: 68000 | AP9: =IFERROR(AM9/(AO9/31),0) -> -2.7766426 | AQ9: -19370.7 | AR9: 51 | AS9: 375820 | AT9: =IFERROR(AQ9/(AS9/28),0) -> -1.4431898 | AU9: 238199.3 | AV9: 53 | AW9: 395630 | AX9: =IFERROR(AU9/(AW9/31),0) -> 18.664354 | AY9: =G9+K9+O9+S9+W9+AA9+AE9+AI9+AM9+AQ9+AU9 -> 671921.72 | AZ9: =H9+L9+P9+T9+X9+AB9+AF9+AJ9+AN9+AR9+AV9 -> 572 | BA9: =I9+M9+Q9+U9+Y9+AC9+AG9+AK9+AO9+AS9+AW9 -> 4242860 | BB9: =IFERROR(AY9/(BA9/31),0) -> 4.9093237 | BC9: ALWAR | BD9: ALWAR | BE9: RJ-JAIPUR
A10: 142984 | B10: JAGDAMBEY BUILDING MATERIAL SU | C10: -9280.34 | D10: 74.5 | E10: 561200 | F10: =IFERROR(C10/(E10/30),0) -> -0.496098 | G10: -37142.44 | H10: 181 | I10: 1333580 | J10: =IFERROR(G10/(I10/31),0) -> -0.863402 | K10: 300587.06 | L10: 167.75 | M10: 1235392.5 | N10: =IFERROR(K10/(M10/30),0) -> 7.2993901 | O10: 137583.76 | P10: 107.5 | Q10: 785800 | R10: =IFERROR(O10/(Q10/31),0) -> 5.4277126 | S10: 99850.36 | T10: 79.05 | U10: 584758.5 | V10: =IFERROR(S10/(U10/31),0) -> 5.2934009 | W10: 570315.84 | X10: 109.2 | Y10: 778344 | Z10: =IFERROR(W10/(Y10/30),0) -> 21.981894 | AA10: 577857.84 | AB10: 139.7 | AC10: 1044519 | AD10: =IFERROR(AA10/(AC10/31),0) -> 17.150088 | AE10: 514425.76 | AF10: 71.5 | AG10: 537480 | AH10: =IFERROR(AE10/(AG10/30),0) -> 28.713204 | AI10: 209554.76 | AJ10: 107 | AK10: 774490 | AL10: =IFERROR(AI10/(AK10/31),0) -> 8.3877101 | AM10: 510271.75 | AN10: 95 | AO10: 664800 | AP10: =IFERROR(AM10/(AO10/31),0) -> 23.79426 | AQ10: 637576.76 | AR10: 96 | AS10: 696645 | AT10: =IFERROR(AQ10/(AS10/28),0) -> 25.625892 | AU10: 572107.73 | AV10: 114 | AW10: 834580 | AX10: =IFERROR(AU10/(AW10/31),0) -> 21.250617 | AY10: =G10+K10+O10+S10+W10+AA10+AE10+AI10+AM10+AQ10+AU10 -> 4092989.2 | AZ10: =H10+L10+P10+T10+X10+AB10+AF10+AJ10+AN10+AR10+AV10 -> 1267.7 | BA10: =I10+M10+Q10+U10+Y10+AC10+AG10+AK10+AO10+AS10+AW10 -> 9270389 | BB10: =IFERROR(AY10/(BA10/31),0) -> 13.686876 | BC10: ALWAR | BD10: ALWAR | BE10: RJ-JAIPUR
A11: 143509 | B11: PAWAN BUILDERS | C11: -17922.47 | D11: 25 | E11: 195250 | F11: =IFERROR(C11/(E11/30),0) -> -2.7537726 | G11: 322116.9 | H11: 200.65 | I11: 1415020.5 | J11: =IFERROR(G11/(I11/31),0) -> 7.0568758 | K11: 324511.9 | L11: 173.5 | M11: 1233395 | N11: =IFERROR(K11/(M11/30),0) -> 7.893138 | O11: 525082.99 | P11: 218.5 | Q11: 1538870 | R11: =IFERROR(O11/(Q11/31),0) -> 10.577614 | S11: 565647.99 | T11: 163.75 | U11: 1145662.5 | V11: =IFERROR(S11/(U11/31),0) -> 15.305631 | W11: 489302.54 | X11: 97.5 | Y11: 675555 | Z11: =IFERROR(W11/(Y11/30),0) -> 21.728914 | AA11: 13397.04 | AB11: 139.75 | AC11: 1012757.5 | AD11: =IFERROR(AA11/(AC11/31),0) -> 0.41007669 | AE11: 143613.25 | AF11: 169 | AG11: 1238930 | AH11: =IFERROR(AE11/(AG11/30),0) -> 3.4775149 | AI11: 295660.25 | AJ11: 161.85 | AK11: 1137194.5 | AL11: =IFERROR(AI11/(AK11/31),0) -> 8.0597187 | AM11: -54482.28 | AN11: 108 | AO11: 730560 | AP11: =IFERROR(AM11/(AO11/31),0) -> -2.3118576 | AQ11: 244944.23 | AR11: 200 | AS11: 1386910 | AT11: =IFERROR(AQ11/(AS11/28),0) -> 4.9451215 | AU11: 254784.71 | AV11: 201 | AW11: 1431375 | AX11: =IFERROR(AU11/(AW11/31),0) -> 5.5179991 | AY11: =G11+K11+O11+S11+W11+AA11+AE11+AI11+AM11+AQ11+AU11 -> 3124579.5 | AZ11: =H11+L11+P11+T11+X11+AB11+AF11+AJ11+AN11+AR11+AV11 -> 1833.5 | BA11: =I11+M11+Q11+U11+Y11+AC11+AG11+AK11+AO11+AS11+AW11 -> 12946230 | BB11: =IFERROR(AY11/(BA11/31),0) -> 7.4818665 | BC11: ALWAR | BD11: ALWAR | BE11: RJ-JAIPUR
A12: 143807 | B12: KHAN TRADING COMPANY | C12: 138099.92 | D12: 20 | E12: 140400 | F12: =IFERROR(C12/(E12/30),0) -> 29.50853 | G12: 389.59 | H12: 10 | I12: 73950 | J12: =IFERROR(G12/(I12/31),0) -> 0.16331697 | K12: 78289.59 | L12: 20 | M12: 147200 | N12: =IFERROR(K12/(M12/30),0) -> 15.955759 | O12: 88122.63 | P12: 30 | Q12: 216600 | R12: =IFERROR(O12/(Q12/31),0) -> 12.612195 | S12: 61822.63 | T12: 20 | U12: 139400 | V12: =IFERROR(S12/(U12/31),0) -> 13.748218 | W12: 141522.63 | X12: 40 | Y12: 276400 | Z12: =IFERROR(W12/(Y12/30),0) -> 15.360633 | AA12: 254262.63 | AB12: 40 | AC12: 288200 | AD12: =IFERROR(AA12/(AC12/31),0) -> 27.349554 | AE12: 175612.68 | AF12: 30 | AG12: 224600 | AH12: =IFERROR(AE12/(AG12/30),0) -> 23.456725 | AI12: 119907.68 | AJ12: 50 | AK12: 362100 | AL12: =IFERROR(AI12/(AK12/31),0) -> 10.265501 | AM12: 176557.68 | AN12: 50 | AO12: 341100 | AP12: =IFERROR(AM12/(AO12/31),0) -> 16.045993 | AQ12: 187807.68 | AR12: 50 | AS12: 350650 | AT12: =IFERROR(AQ12/(AS12/28),0) -> 14.996763 | AU12: 169512.66 | AV12: 56 | AW12: 409230 | AX12: =IFERROR(AU12/(AW12/31),0) -> 12.840927 | AY12: =G12+K12+O12+S12+W12+AA12+AE12+AI12+AM12+AQ12+AU12 -> 1453808.1 | AZ12: =H12+L12+P12+T12+X12+AB12+AF12+AJ12+AN12+AR12+AV12 -> 396 | BA12: =I12+M12+Q12+U12+Y12+AC12+AG12+AK12+AO12+AS12+AW12 -> 2829430 | BB12: =IFERROR(AY12/(BA12/31),0) -> 15.928314 | BC12: ALWAR | BD12: ALWAR | BE12: RJ-JAIPUR
A13: 145198 | B13: RATHORE CONSTRUCTION | C13: 55288.27 | D13: 0 | E13: 0 | F13: =IFERROR(C13/(E13/30),0) -> 0 | G13: 161048.27 | H13: 40 | I13: 290500 | J13: =IFERROR(G13/(I13/31),0) -> 17.185874 | K13: 258588.27 | L13: 53 | M13: 378610 | N13: =IFERROR(K13/(M13/30),0) -> 20.489813 | O13: 263991.31 | P13: 50 | Q13: 353400 | R13: =IFERROR(O13/(Q13/31),0) -> 23.157132 | S13: 140891.31 | T13: 10 | U13: 69700 | V13: =IFERROR(S13/(U13/31),0) -> 62.66328 | W13: 212971.31 | X13: 43 | Y13: 298660 | Z13: =IFERROR(W13/(Y13/30),0) -> 21.392685 | AA13: 191551.31 | AB13: 32 | AC13: 230940 | AD13: =IFERROR(AA13/(AC13/31),0) -> 25.712699 | AE13: 168702.13 | AF13: 25 | AG13: 183550 | AH13: =IFERROR(AE13/(AG13/30),0) -> 27.573217 | AI13: 0 | AJ13: 0 | AK13: 0 | AL13: =IFERROR(AI13/(AK13/31),0) -> 0 | AM13: 98572.13 | AN13: 20 | AO13: 136600 | AP13: =IFERROR(AM13/(AO13/31),0) -> 22.369956 | AQ13: 107272.13 | AR13: 10 | AS13: 72500 | AT13: =IFERROR(AQ13/(AS13/28),0) -> 41.429236 | AU13: 95230.13 | AV13: 20 | AW13: 140980 | AX13: =IFERROR(AU13/(AW13/31),0) -> 20.940091 | AY13: =G13+K13+O13+S13+W13+AA13+AE13+AI13+AM13+AQ13+AU13 -> 1698818.3 | AZ13: =H13+L13+P13+T13+X13+AB13+AF13+AJ13+AN13+AR13+AV13 -> 303 | BA13: =I13+M13+Q13+U13+Y13+AC13+AG13+AK13+AO13+AS13+AW13 -> 2155440 | BB13: =IFERROR(AY13/(BA13/31),0) -> 24.432769 | BC13: ALWAR | BD13: ALWAR | BE13: RJ-JAIPUR
A14: 147891 | B14: NEW SAINI TRADING COMPANY | C14: 70517.46 | D14: 30 | E14: 213350 | F14: =IFERROR(C14/(E14/30),0) -> 9.9157431 | G14: 45048.54 | H14: 42 | I14: 296840 | J14: =IFERROR(G14/(I14/31),0) -> 4.7045706 | K14: 185158.54 | L14: 85 | M14: 607500 | N14: =IFERROR(K14/(M14/30),0) -> 9.1436316 | O14: 201528.54 | P14: 76 | Q14: 555370 | R14: =IFERROR(O14/(Q14/31),0) -> 11.24905 | S14: 316123.54 | T14: 102 | U14: 742940 | V14: =IFERROR(S14/(U14/31),0) -> 13.190607 | W14: 203707.54 | X14: 114.9 | Y14: 850703 | Z14: =IFERROR(W14/(Y14/30),0) -> 7.1837365 | AA14: 295146.54 | AB14: 127 | AC14: 947690 | AD14: =IFERROR(AA14/(AC14/31),0) -> 9.6545735 | AE14: 356486.94 | AF14: 105 | AG14: 788100 | AH14: =IFERROR(AE14/(AG14/30),0) -> 13.570116 | AI14: 280950.94 | AJ14: 140 | AK14: 1002050 | AL14: =IFERROR(AI14/(AK14/31),0) -> 8.6916612 | AM14: 404803.94 | AN14: 136 | AO14: 936970 | AP14: =IFERROR(AM14/(AO14/31),0) -> 13.393089 | AQ14: 342991.97 | AR14: 131 | AS14: 903770 | AT14: =IFERROR(AQ14/(AS14/28),0) -> 10.626349 | AU14: -121300.97 | AV14: 70 | AW14: 505900 | AX14: =IFERROR(AU14/(AW14/31),0) -> -7.4329513 | AY14: =G14+K14+O14+S14+W14+AA14+AE14+AI14+AM14+AQ14+AU14 -> 2510646.1 | AZ14: =H14+L14+P14+T14+X14+AB14+AF14+AJ14+AN14+AR14+AV14 -> 1128.9 | BA14: =I14+M14+Q14+U14+Y14+AC14+AG14+AK14+AO14+AS14+AW14 -> 8137833 | BB14: =IFERROR(AY14/(BA14/31),0) -> 9.5639746 | BC14: ALWAR | BD14: ALWAR | BE14: RJ-JAIPUR
... A663: 203478 | B663: BHULLAR AND SONS | C663: 0 | D663: 0 | E663: 0 | F663: =IFERROR(C663/(E663/30),0) -> 0 | G663: 0 | H663: 0 | I663: 0 | J663: =IFERROR(G663/(I663/31),0) -> 0 | K663: 0 | L663: 0 | M663: 0 | N663: =IFERROR(K663/(M663/30),0) -> 0 | O663: -16475 | P663: 57.5 | Q663: 433025 | R663: =IFERROR(O663/(Q663/31),0) -> -1.1794354 | S663: -22340 | T663: 62 | U663: 463140 | V663: =IFERROR(S663/(U663/31),0) -> -1.4953146 | W663: 123815 | X663: 80.5 | Y663: 592285 | Z663: =IFERROR(W663/(Y663/30),0) -> 6.2713896 | AA663: 176600 | AB663: 32 | AC663: 240440 | AD663: =IFERROR(AA663/(AC663/31),0) -> 22.76909 | AE663: 177290 | AF663: 27 | AG663: 211490 | AH663: =IFERROR(AE663/(AG663/30),0) -> 25.148707 | AI663: 0 | AJ663: 0 | AK663: 0 | AL663: =IFERROR(AI663/(AK663/31),0) -> 0 | AM663: 0 | AN663: 0 | AO663: 0 | AP663: =IFERROR(AM663/(AO663/31),0) -> 0 | AQ663: 0 | AR663: 0 | AS663: 0 | AT663: =IFERROR(AQ663/(AS663/28),0) -> 0 | AU663: -13130 | AV663: 0 | AW663: 0 | AX663: =IFERROR(AU663/(AW663/31),0) -> 0 | AY663: =G663+K663+O663+S663+W663+AA663+AE663+AI663+AM663+AQ663+AU663 -> 425760 | AZ663: =H663+L663+P663+T663+X663+AB663+AF663+AJ663+AN663+AR663+AV663 -> 259 | BA663: =I663+M663+Q663+U663+Y663+AC663+AG663+AK663+AO663+AS663+AW663 -> 1940380 | BB663: =IFERROR(AY663/(BA663/31),0) -> 6.8020491 | BC663: SRI GANGANAGAR | BD663: SRI GANGANAGAR | BE663: RJ-SGNR
A664: 119029 | B664: LALLAMAL KANHYALAL & SONS | C664: -191569.54 | D664: 13.75 | E664: 97212.5 | F664: =IFERROR(C664/(E664/30),0) -> -59.118799 | G664: 48864.46 | H664: 506.95 | I664: 3541181.5 | J664: =IFERROR(G664/(I664/31),0) -> 0.42776634 | K664: -372996.04 | L664: 608 | M664: 4242515 | N664: -2.6375584 | O664: -332192.53 | P664: 628.75 | Q664: 4407447.5 | R664: -2.3364926 | S664: -285124.53 | T664: 530.15 | U664: 3641190.5 | V664: -2.4274644 | W664: -545901.43 | X664: 351 | Y664: 2402075 | Z664: -6.8178733 | AA664: -809098.43 | AB664: 463.5 | AC664: 3302675 | AD664: -7.5944655 | AE664: 180959.21 | AF664: 550.5 | AG664: 3976940 | AH664: 1.3650637 | AI664: -131226.29 | AJ664: 505.75 | AK664: 3421397.5 | AL664: -1.1889922 | AM664: 339169.2 | AN664: 326 | AO664: 2179260 | AP664: 4.824686 | AQ664: 282320.65 | AR664: 572.95 | AS664: 3934176.5 | AT664: 2.0093095 | AU664: -430021.54 | AV664: 466.55 | AW664: 3229732.5 | AX664: -4.1274835 | AY664: -2055247.3 | AZ664: 5510.1 | BA664: 38278591 | BB664: -1.6644465 | BC664: AJMER | BD664: AJMER | BE664: RJ-AJMER
A665: 119042 | B665: SARAS ENTERPRISES | C665: -451726.32 | D665: 0 | E665: 0 | F665: =IFERROR(C665/(E665/30),0) -> 0 | G665: -77626.32 | H665: 175 | I665: 1225000 | J665: =IFERROR(G665/(I665/31),0) -> -1.9644212 | K665: -404976.32 | L665: 252.5 | M665: 1768900 | N665: -6.8682738 | O665: -153501.32 | P665: 320 | Q665: 2237500 | R665: -2.1267222 | S665: -199041.32 | T665: 276.5 | U665: 1913050 | V665: -3.2253631 | W665: -294286.72 | X665: 414 | Y665: 2823500 | Z665: -3.126829 | AA665: -594163.72 | AB665: 199.5 | AC665: 1421900 | AD665: -12.953847 | AE665: -830622 | AF665: 159.5 | AG665: 1162750 | AH665: -21.430798 | AI665: -279877 | AJ665: 195 | AK665: 1322800 | AL665: -6.558956 | AM665: -291638.95 | AN665: 235 | AO665: 1588900 | AP665: -5.6899789 | AQ665: -207770.91 | AR665: 196.5 | AS665: 1358950 | AT665: -4.2809415 | AU665: -619905.84 | AV665: 208 | AW665: 1456340 | AX665: -13.195463 | AY665: -3953410.4 | AZ665: 2631.5 | BA665: 18279590 | BB665: -6.7045116 | BC665: AJMER | BD665: AJMER | BE665: RJ-AJMER
A666: 119179 | B666: KUMAWAT BUILDING MATERIALS | C666: -673598.82 | D666: 0 | E666: 0 | F666: =IFERROR(C666/(E666/30),0) -> 0 | G666: -39988.82 | H666: 132 | I666: 927140 | J666: =IFERROR(G666/(I666/31),0) -> -1.3370725 | K666: -95138.82 | L666: 209 | M666: 1471360 | N666: -1.9398139 | O666: -125378.82 | P666: 280 | Q666: 1963700 | R666: -1.9792959 | S666: -58828.82 | T666: 150 | U666: 1041000 | V666: -1.7518669 | W666: -107379.11 | X666: 160 | Y666: 1094400 | Z666: -2.9435063 | AA666: -67779.11 | AB666: 150 | AC666: 1069800 | AD666: -1.964061 | AE666: -47138.43 | AF666: 110 | AG666: 803400 | AH666: -1.7602102 | AI666: -109306.43 | AJ666: 151 | AK666: 1041740 | AL666: -3.2527304 | AM666: -92294.43 | AN666: 170 | AO666: 1150300 | AP666: -2.487288 | AQ666: -65479.38 | AR666: 151 | AS666: 1036840 | AT666: -1.7682792 | AU666: -230281.34 | AV666: 155 | AW666: 1086700 | AX666: -6.5691741 | AY666: -1038993.5 | AZ666: 1818 | BA666: 12686380 | BB666: -2.5388487 | BC666: AJMER | BD666: AJMER | BE666: RJ-AJMER
A667: 119182 | B667: M.K.TRADERS | C667: -48445.89 | D667: 0 | E667: 0 | F667: =IFERROR(C667/(E667/30),0) -> 0 | G667: -15190.89 | H667: 51 | I667: 358020 | J667: =IFERROR(G667/(I667/31),0) -> -1.3153388 | K667: 0 | L667: 51 | M667: 358840 | N667: 0 | O667: 0 | P667: 0 | Q667: 0 | R667: 0 | S667: -18770.89 | T667: 53 | U667: 366760 | V667: -1.5865896 | W667: -33560.89 | X667: 60 | Y667: 409200 | Z667: -2.4604758 | AA667: -6060.89 | AB667: 15 | AC667: 108600 | AD667: -1.7300883 | AE667: 114188.87 | AF667: 60 | AG667: 437700 | AH667: 7.8265161 | AI667: 21208.87 | AJ667: 76 | AK667: 516040 | AL667: 1.2740775 | AM667: 194098.87 | AN667: 80 | AO667: 541600 | AP667: 11.109795 | AQ667: 211448.87 | AR667: 60 | AS667: 415000 | AT667: 14.26643 | AU667: -69816.14 | AV667: 55 | AW667: 379900 | AX667: -5.6970264 | AY667: 397545.78 | AZ667: 561 | BA667: 3891660 | BB667: 3.1667513 | BC667: AJMER | BD667: AJMER | BE667: RJ-AJMER
A668: 119208 | B668: SURAJMAL TANSUKH RAI | C668: -3536128.3 | D668: 89.5 | E668: 622920 | F668: =IFERROR(C668/(E668/30),0) -> -170.30092 | G668: -89154.28 | H668: 1741.8 | I668: 12167183 | J668: =IFERROR(G668/(I668/31),0) -> -0.22715058 | K668: -1379361.3 | L668: 2182.7 | M668: 15285903 | N668: -2.7071242 | O668: -931746.64 | P668: 1926.8 | Q668: 13473803 | R668: -2.1437263 | S668: -533889.64 | T668: 1060.35 | U668: 7366370 | V668: -2.2467754 | W668: -1330183.2 | X668: 1529 | Y668: 10408418 | Z668: -3.8339637 | AA668: -1439080.7 | AB668: 1526.5 | AC668: 10875332 | AD668: -4.1020815 | AE668: 1139345.9 | AF668: 1605.25 | AG668: 11630430 | AH668: 2.9388749 | AI668: -917671.55 | AJ668: 1470.7 | AK668: 10031244 | AL668: -2.8359214 | AM668: -940398.14 | AN668: 1250.5 | AO668: 8413340 | AP668: -3.4650142 | AQ668: 1202913.2 | AR668: 1486.25 | AS668: 10262162 | AT668: 3.2821122 | AU668: -1262840.3 | AV668: 1359.2 | AW668: 9475844 | AX668: -4.1313524 | AY668: -6482066.6 | AZ668: 17139.05 | BA668: 119390029 | BB668: -1.6830892 | BC668: AJMER | BD668: AJMER | BE668: RJ-AJMER
A669: 119221 | B669: AKSHAY TRADERS | C669: -24787.09 | D669: 0 | E669: 0 | F669: =IFERROR(C669/(E669/30),0) -> 0 | G669: -18827.09 | H669: 7 | I669: 57190 | J669: =IFERROR(G669/(I669/31),0) -> -10.205277 | K669: -78392.09 | L669: 100.75 | M669: 712302.5 | N669: -3.3016348 | O669: -39493.62 | P669: 123 | Q669: 864910 | R669: -1.4155256 | S669: -70033.62 | T669: 184 | U669: 1284130 | V669: -1.6906717 | W669: 161416.88 | X669: 175.35 | Y669: 1206674.5 | Z669: 4.0131008 | AA669: 500133.37 | AB669: 187.5 | AC669: 1353075 | AD669: 11.458444 | AE669: 656942.24 | AF669: 100.5 | AG669: 734835 | AH669: 26.81999 | AI669: 113396.74 | AJ669: 38.25 | AK669: 261627.5 | AL669: 13.436275 | AM669: 130124.25 | AN669: 171 | AO669: 1157670 | AP669: 3.4844574 | AQ669: 225537.81 | AR669: 54 | AS669: 376180 | AT669: 16.787332 | AU669: 372258.27 | AV669: 152 | AW669: 1065355 | AX669: 10.832076 | AY669: 1953063.1 | AZ669: 1293.35 | BA669: 9073949.5 | BB669: 6.672393 | BC669: AJMER | BD669: AJMER | BE669: RJ-AJMER
A670: 119222 | B670: MITHU LAL ROOP CHAND | C670: 0 | D670: 0 | E670: 0 | F670: =IFERROR(C670/(E670/30),0) -> 0 | G670: 0 | H670: 0 | I670: 0 | J670: =IFERROR(G670/(I670/31),0) -> 0 | K670: -113247.39 | L670: 196.3 | M670: 1385141 | N670: -2.4527624 | O670: 462519.61 | P670: 301.2 | Q670: 2111784 | R670: 6.7895712 | S670: 698597.61 | T670: 184 | U670: 1279330 | V670: 16.928022 | W670: 402522.45 | X670: 221 | Y670: 1515920 | Z670: 7.9659042 | AA670: 1376877.4 | AB670: 323.5 | AC670: 2299995 | AD670: 18.557954 | AE670: 1948496.1 | AF670: 243.35 | AG670: 1778654.5 | AH670: 32.864665 | AI670: 1396241.1 | AJ670: 249.75 | AK670: 1721907.5 | AL670: 25.136934 | AM670: 1754748.1 | AN670: 210 | AO670: 1423950 | AP670: 38.201617 | AQ670: 1361078.2 | AR670: 180 | AS670: 1242450 | AT670: 30.673419 | AU670: 823751.17 | AV670: 252.5 | AW670: 1797565 | AX670: 14.206043 | AY670: 10111584 | AZ670: 2361.6 | BA670: 16556697 | BB670: 18.932467 | BC670: AJMER | BD670: AJMER | BE670: RJ-AJMER
A671: 119230 | B671: MAHAVEER STONE SUPPLIERS | C671: -10482.25 | D671: 0 | E671: 0 | F671: =IFERROR(C671/(E671/30),0) -> 0 | G671: -13432.25 | H671: 7.5 | I671: 53025 | J671: =IFERROR(G671/(I671/31),0) -> -7.8528949 | K671: -8957.25 | L671: 20 | M671: 141400 | N671: -1.9004066 | O671: -2898.99 | P671: 10 | Q671: 70200 | R671: -1.2801808 | S671: -7248.99 | T671: 15 | U671: 104550 | V671: -2.1493897 | W671: -3498.99 | X671: 10 | Y671: 68700 | Z671: -1.5279432 | AA671: -6898.99 | AB671: 15 | AC671: 107550 | AD671: -1.9885513 | AE671: -3888.99 | AF671: 6 | AG671: 44220 | AH671: -2.6383921 | AI671: -2748.99 | AJ671: 5 | AK671: 33850 | AL671: -2.5175388 | AM671: -1898.99 | AN671: 5 | AO671: 33850 | AP671: -1.7391046 | AQ671: 31101.01 | AR671: 5 | AS671: 34850 | AT671: 24.987899 | AU671: -8638.99 | AV671: 5 | AW671: 34650 | AX671: -7.7289665 | AY671: -29010.41 | AZ671: 103.5 | BA671: 726845 | BB671: -1.2372964 | BC671: AJMER | BD671: AJMER | BE671: RJ-AJMER
A672: 119405 | B672: MUKESH KUMAR RAKESH KUMAR | C672: -3671.34 | D672: 24 | E672: 169680 | F672: =IFERROR(C672/(E672/30),0) -> -0.64910537 | G672: -8876.34 | H672: 50 | I672: 351500 | J672: =IFERROR(G672/(I672/31),0) -> -0.78283511 | K672: 0 | L672: 50 | M672: 351000 | N672: 0 | O672: 0 | P672: 0 | Q672: 0 | R672: 0 | S672: 0 | T672: 0 | U672: 0 | V672: 0 | W672: -7226.34 | X672: 20 | Y672: 137400 | Z672: -1.5778035 | AA672: 0 | AB672: 0 | AC672: 0 | AD672: 0 | AE672: 0 | AF672: 0 | AG672: 0 | AH672: 0 | AI672: 0 | AJ672: 0 | AK672: 0 | AL672: 0 | AM672: -2425.99 | AN672: 20 | AO672: 135400 | AP672: -0.55543346 | AQ672: -9525.99 | AR672: 20 | AS672: 139400 | AT672: -1.9133983 | AU672: 32280.25 | AV672: 30 | AW672: 207900 | AX672: 4.8133129 | AY672: 4225.59 | AZ672: 190 | BA672: 1322600 | BB672: 0.099042258 | BC672: AJMER | BD672: AJMER | BE672: RJ-AJMER
A673: 140818 | B673: SANIK ENTERPRISES | C673: 152519.85 | D673: 0 | E673: 0 | F673: =IFERROR(C673/(E673/30),0) -> 0 | G673: 83279.85 | H673: 49 | I673: 343980 | J673: =IFERROR(G673/(I673/31),0) -> 7.5053066 | K673: -46420.15 | L673: 100 | M673: 702800 | N673: -1.981509 | O673: -22770.15 | P673: 70 | Q673: 487900 | R673: -1.4467609 | S673: -16470.15 | T673: 50 | U673: 346800 | V673: -1.4722452 | W673: -52670.19 | X673: 80 | Y673: 546800 | Z673: -2.8897324 | AA673: -19370.19 | AB673: 55 | AC673: 392400 | AD673: -1.5302648 | AE673: 47130.32 | AF673: 55 | AG673: 400700 | AH673: 3.528599 | AI673: 92460.32 | AJ673: 64 | AK673: 434960 | AL673: 6.5897322 | AM673: -15109.67 | AN673: 30 | AO673: 202500 | AP673: -2.3130853 | AQ673: 109790.33 | AR673: 80 | AS673: 549500 | AT673: 5.5944117 | AU673: 68970.32 | AV673: 70 | AW673: 489800 | AX673: 4.3652101 | AY673: 228820.64 | AZ673: 703 | BA673: 4898140 | BB673: 1.4481905 | BC673: AJMER | BD673: AJMER | BE673: RJ-AJMER
A674: 140829 | B674: SHREE YADEN BUILDING MATERIAL | C674: -302562.34 | D674: 0 | E674: 0 | F674: =IFERROR(C674/(E674/30),0) -> 0 | G674: 147737.66 | H674: 195 | I674: 1368900 | J674: =IFERROR(G674/(I674/31),0) -> 3.3456552 | K674: -94262.34 | L674: 210 | M674: 1474200 | N674: -1.9182405 | O674: -74162.34 | P674: 155 | Q674: 1083100 | R674: -2.1226411 | S674: -94662.34 | T674: 105 | U674: 726600 | V674: -4.0387181 | W674: -204062.39 | X674: 120 | Y674: 821650 | Z674: -7.4507049 | AA674: -227235.39 | AB674: 60 | AC674: 437700 | AD674: -16.093893 | AE674: -137138.99 | AF674: 110 | AG674: 802200 | AH674: -5.1286085 | AI674: -114714.99 | AJ674: 140 | AK674: 958550 | AL674: -3.7099418 | AM674: -57578.99 | AN674: 115 | AO674: 774300 | AP674: -2.3052418 | AQ674: -87507 | AR674: 111 | AS674: 761670 | AT674: -3.2168734 | AU674: -196803 | AV674: 101.5 | AW674: 710320 | AX674: -8.588936 | AY674: -1140390.1 | AZ674: 1422.5 | BA674: 9919190 | BB674: -3.5640101 | BC674: AJMER | BD674: AJMER | BE674: RJ-AJMER
A675: 140830 | B675: KRISHNA CEMENT SUPPLIERS | C675: -459396.34 | D675: 0 | E675: 0 | F675: =IFERROR(C675/(E675/30),0) -> 0 | G675: -68296.34 | H675: 227 | I675: 1593940 | J675: =IFERROR(G675/(I675/31),0) -> -1.3282724 | K675: -131416.34 | L675: 270 | M675: 1895400 | N675: -2.0800307 | O675: -80166.34 | P675: 200 | Q675: 1396200 | R675: -1.7799431 | S675: -77406.34 | T675: 194 | U675: 1342880 | V675: -1.7869032 | W675: -160826.7 | X675: 200 | Y675: 1364000 | Z675: -3.5372441 | AA675: -104765.7 | AB675: 245 | AC675: 1751400 | AD675: -1.8543661 | AE675: 171802.1 | AF675: 175 | AG675: 1273000 | AH675: 4.0487533 | AI675: -134615.9 | AJ675: 150 | AK675: 1027200 | AL675: -4.0625904 | AM675: -144507.9 | AN675: 265 | AO675: 1793200 | AP675: -2.4981848 | AQ675: 127975.1 | AR675: 209 | AS675: 1453060 | AT675: 2.4660391 | AU675: -307982.91 | AV675: 175 | AW675: 1246000 | AX675: -7.6624962 | AY675: -910207.27 | AZ675: 2310 | BA675: 16136280 | BB675: -1.7486326 | BC675: AJMER | BD675: AJMER | BE675: RJ-AJMER
... A919: 172274 | B919: SONAM KHAD BEEJ BHANDAR | C919: 0 | D919: 0 | E919: 0 | F919: =IFERROR(C919/(E919/30),0) -> 0 | G919: 0 | H919: 0 | I919: 0 | J919: =IFERROR(G919/(I919/31),0) -> 0 | K919: 0 | L919: 0 | M919: 0 | N919: 0 | O919: 0 | P919: 0 | Q919: 0 | R919: 0 | S919: -36631.26 | T919: 0 | U919: 0 | V919: 0 | W919: -5431.26 | X919: 20 | Y919: 142400 | Z919: -1.1442261 | AA919: 0 | AB919: 0 | AC919: 0 | AD919: 0 | AE919: -12380.86 | AF919: 30 | AG919: 227600 | AH919: -1.6319236 | AI919: 0 | AJ919: 0 | AK919: 0 | AL919: 0 | AM919: 0 | AN919: 0 | AO919: 0 | AP919: 0 | AQ919: 0 | AR919: 0 | AS919: 0 | AT919: 0 | AU919: 0 | AV919: 0 | AW919: 0 | AX919: 0 | AY919: -54443.38 | AZ919: 50 | BA919: 370000 | BB919: -4.5614724 | BC919: SAWAI MADHOPUR | BD919: SAWAI MADHOPUR | BE919: RJ-AJMER
A920: 122282 | B920: PIPARA SALES | C920: -167658.1 | D920: 35 | E920: 243600 | F920: =IFERROR(C920/(E920/30),0) -> -20.647549 | G920: 49691.9 | H920: 329 | I920: 2305440 | J920: =IFERROR(G920/(I920/31),0) -> 0.66818 | K920: -334943.1 | L920: 480.5 | M920: 3377655 | N920: =IFERROR(K920/(M920/30),0) -> -2.9749317 | O920: -328545.18 | P920: 446 | Q920: 3118160 | R920: =IFERROR(O920/(Q920/31),0) -> -3.2663175 | S920: -61646.93 | T920: 253.45 | U920: 1766739.5 | V920: =IFERROR(S920/(U920/31),0) -> -1.0816846 | W920: -198260.41 | X920: 304.5 | Y920: 2084645 | Z920: =IFERROR(W920/(Y920/30),0) -> -2.8531536 | AA920: -133171.39 | AB920: 154 | AC920: 1098240 | AD920: =IFERROR(AA920/(AC920/31),0) -> -3.7590263 | AE920: 157456.21 | AF920: 187 | AG920: 1360370 | AH920: =IFERROR(AE920/(AG920/30),0) -> 3.4723541 | AI920: -330509.79 | AJ920: 220.3 | AK920: 1463421 | AL920: =IFERROR(AI920/(AK920/31),0) -> -7.0012686 | AM920: -119547.79 | AN920: 237.5 | AO920: 1546275 | AP920: =IFERROR(AM920/(AO920/31),0) -> -2.3967156 | AQ920: -64770.82 | AR920: 250.5 | AS920: 1661185 | AT920: =IFERROR(AQ920/(AS920/28),0) -> -1.0917405 | AU920: -568055.84 | AV920: 339 | AW920: 2339080 | AX920: =IFERROR(AU920/(AW920/31),0) -> -7.528486 | AY920: =G920+K920+O920+S920+W920+AA920+AE920+AI920+AM920+AQ920+AU920 -> -1932303.1 | AZ920: =H920+L920+P920+T920+X920+AB920+AF920+AJ920+AN920+AR920+AV920 -> 3201.75 | BA920: =I920+M920+Q920+U920+Y920+AC920+AG920+AK920+AO920+AS920+AW920 -> 22121210 | BB920: =IFERROR(AY920/(BA920/31),0) -> -2.7078716 | BC920: BHILWARA | BD920: BHILWARA | BE920: RJ-UDAIPUR
A921: 170248 | B921: MAHAVEER ENTERPRISES | C921: 554519.01 | D921: 122 | E921: 862320 | F921: =IFERROR(C921/(E921/30),0) -> 19.291644 | G921: -294747.29 | H921: 728.25 | I921: 5198572.5 | J921: =IFERROR(G921/(I921/31),0) -> -1.7576298 | K921: -47565.79 | L921: 822.35 | M921: 5874939.5 | N921: =IFERROR(K921/(M921/30),0) -> -0.24289164 | O921: 34662.46 | P921: 665.45 | Q921: 4710781.5 | R921: =IFERROR(O921/(Q921/31),0) -> 0.22810149 | S921: 230104.96 | T921: 374.95 | U921: 2625701.5 | V921: =IFERROR(S921/(U921/31),0) -> 2.716704 | W921: -68707.06 | X921: 601.9 | Y921: 4167268 | Z921: =IFERROR(W921/(Y921/30),0) -> -0.49461945 | AA921: 84845.94 | AB921: 449.5 | AC921: 3269055 | AD921: =IFERROR(AA921/(AC921/31),0) -> 0.80458241 | AE921: 325518.59 | AF921: 426.35 | AG921: 3178149.5 | AH921: =IFERROR(AE921/(AG921/30),0) -> 3.0727182 | AI921: 275822.59 | AJ921: 751.6 | AK921: 5120643 | AL921: =IFERROR(AI921/(AK921/31),0) -> 1.6698099 | AM921: 1706378.3 | AN921: 1002.75 | AO921: 6647367.5 | AP921: =IFERROR(AM921/(AO921/31),0) -> 7.9576956 | AQ921: 2982239.7 | AR921: 900.75 | AS921: 6070602.5 | AT921: =IFERROR(AQ921/(AS921/28),0) -> 13.755259 | AU921: 1539074.6 | AV921: 700.75 | AW921: 4917187.5 | AX921: =IFERROR(AU921/(AW921/31),0) -> 9.7029677 | AY921: =G921+K921+O921+S921+W921+AA921+AE921+AI921+AM921+AQ921+AU921 -> 6767626.9 | AZ921: =H921+L921+P921+T921+X921+AB921+AF921+AJ921+AN921+AR921+AV921 -> 7424.6 | BA921: =I921+M921+Q921+U921+Y921+AC921+AG921+AK921+AO921+AS921+AW921 -> 51780268 | BB921: =IFERROR(AY921/(BA921/31),0) -> 4.0516676 | BC921: BHILWARA | BD921: BHILWARA | BE921: RJ-UDAIPUR
A922: 170416 | B922: HARUN CONTRACTOR | C922: -39975.6 | D922: 0 | E922: 0 | F922: =IFERROR(C922/(E922/30),0) -> 0 | G922: 133274.4 | H922: 25 | I922: 176750 | J922: =IFERROR(G922/(I922/31),0) -> 23.374859 | K922: 166524.4 | L922: 25 | M922: 176000 | N922: =IFERROR(K922/(M922/30),0) -> 28.384841 | O922: 225224.4 | P922: 45 | Q922: 312900 | R922: =IFERROR(O922/(Q922/31),0) -> 22.313699 | S922: 224773.4 | T922: 35 | U922: 242200 | V922: =IFERROR(S922/(U922/31),0) -> 28.76951 | W922: 695942.4 | X922: 90 | Y922: 634600 | Z922: =IFERROR(W922/(Y922/30),0) -> 32.899893 | AA922: 0 | AB922: 0 | AC922: 0 | AD922: =IFERROR(AA922/(AC922/31),0) -> 0 | AE922: 0 | AF922: 0 | AG922: 0 | AH922: =IFERROR(AE922/(AG922/30),0) -> 0 | AI922: 436742.86 | AJ922: 70 | AK922: 477400 | AL922: =IFERROR(AI922/(AK922/31),0) -> 28.359926 | AM922: 0 | AN922: 0 | AO922: 0 | AP922: =IFERROR(AM922/(AO922/31),0) -> 0 | AQ922: 361842.86 | AR922: 57.5 | AS922: 383225 | AT922: =IFERROR(AQ922/(AS922/28),0) -> 26.437733 | AU922: 385117.85 | AV922: 35 | AW922: 244300 | AX922: =IFERROR(AU922/(AW922/31),0) -> 48.868823 | AY922: =G922+K922+O922+S922+W922+AA922+AE922+AI922+AM922+AQ922+AU922 -> 2629442.6 | AZ922: =H922+L922+P922+T922+X922+AB922+AF922+AJ922+AN922+AR922+AV922 -> 382.5 | BA922: =I922+M922+Q922+U922+Y922+AC922+AG922+AK922+AO922+AS922+AW922 -> 2647375 | BB922: =IFERROR(AY922/(BA922/31),0) -> 30.790016 | BC922: BHILWARA | BD922: BHILWARA | BE922: RJ-UDAIPUR
A923: 171685 | B923: GANPATI TRADERS | C923: 69380.55 | D923: 0 | E923: 0 | F923: =IFERROR(C923/(E923/30),0) -> 0 | G923: 34840.55 | H923: 100 | I923: 701960 | J923: =IFERROR(G923/(I923/31),0) -> 1.5386305 | K923: -96699.45 | L923: 151 | M923: 1064010 | N923: =IFERROR(K923/(M923/30),0) -> -2.7264626 | O923: -133916.95 | P923: 250.25 | Q923: 1769427.5 | R923: =IFERROR(O923/(Q923/31),0) -> -2.346197 | S923: -85519.45 | T923: 150.75 | U923: 1069902.5 | V923: =IFERROR(S923/(U923/31),0) -> -2.4778921 | W923: -139239.2 | X923: 151.75 | Y923: 1058362.5 | Z923: =IFERROR(W923/(Y923/30),0) -> -3.9468292 | AA923: -75093.68 | AB923: 130.4 | AC923: 942608 | AD923: =IFERROR(AA923/(AC923/31),0) -> -2.4696418 | AE923: 112873.48 | AF923: 148.75 | AG923: 1098042.5 | AH923: =IFERROR(AE923/(AG923/30),0) -> 3.0838555 | AI923: -68360.02 | AJ923: 150.5 | AK923: 1005275 | AL923: =IFERROR(AI923/(AK923/31),0) -> -2.1080407 | AM923: -95601.54 | AN923: 159 | AO923: 1088450 | AP923: =IFERROR(AM923/(AO923/31),0) -> -2.7228148 | AQ923: 62498.53 | AR923: 162.8 | AS923: 1092954 | AT923: =IFERROR(AQ923/(AS923/28),0) -> 1.6011276 | AU923: -162706.47 | AV923: 159 | AW923: 1106430 | AX923: =IFERROR(AU923/(AW923/31),0) -> -4.5587164 | AY923: =G923+K923+O923+S923+W923+AA923+AE923+AI923+AM923+AQ923+AU923 -> -646924.2 | AZ923: =H923+L923+P923+T923+X923+AB923+AF923+AJ923+AN923+AR923+AV923 -> 1714.2 | BA923: =I923+M923+Q923+U923+Y923+AC923+AG923+AK923+AO923+AS923+AW923 -> 11997422 | BB923: =IFERROR(AY923/(BA923/31),0) -> -1.67158 | BC923: BHILWARA | BD923: BHILWARA | BE923: RJ-UDAIPUR
A924: 171909 | B924: SAI NATH BUILDING MATERIALS | C924: -249339.81 | D924: 0 | E924: 0 | F924: =IFERROR(C924/(E924/30),0) -> 0 | G924: -19539.81 | H924: 60 | I924: 434350 | J924: =IFERROR(G924/(I924/31),0) -> -1.3945761 | K924: -15295.31 | L924: 38 | M924: 286385 | N924: =IFERROR(K924/(M924/30),0) -> -1.6022463 | O924: -2135.31 | P924: 7 | Q924: 52590 | R924: =IFERROR(O924/(Q924/31),0) -> -1.258692 | S924: 53129.69 | T924: 56.5 | U924: 420255 | V924: =IFERROR(S924/(U924/31),0) -> 3.9190977 | W924: -9650.31 | X924: 26.25 | Y924: 192622.5 | Z924: =IFERROR(W924/(Y924/30),0) -> -1.502988 | AA924: -19639.81 | AB924: 53.5 | AC924: 403090 | AD924: =IFERROR(AA924/(AC924/31),0) -> -1.5104173 | AE924: 27019.59 | AF924: 28 | AG924: 219060 | AH924: =IFERROR(AE924/(AG924/30),0) -> 3.7002999 | AI924: 70734.59 | AJ924: 24.5 | AK924: 180945 | AL924: =IFERROR(AI924/(AK924/31),0) -> 12.118446 | AM924: 297001.09 | AN924: 87.15 | AO924: 591929.5 | AP924: =IFERROR(AM924/(AO924/31),0) -> 15.554274 | AQ924: 27638.61 | AR924: 57.75 | AS924: 411617.5 | AT924: =IFERROR(AQ924/(AS924/28),0) -> 1.8800976 | AU924: 234521.61 | AV924: 164.5 | AW924: 1182725 | AX924: =IFERROR(AU924/(AW924/31),0) -> 6.1469656 | AY924: =G924+K924+O924+S924+W924+AA924+AE924+AI924+AM924+AQ924+AU924 -> 643784.63 | AZ924: =H924+L924+P924+T924+X924+AB924+AF924+AJ924+AN924+AR924+AV924 -> 603.15 | BA924: =I924+M924+Q924+U924+Y924+AC924+AG924+AK924+AO924+AS924+AW924 -> 4375569.5 | BB924: =IFERROR(AY924/(BA924/31),0) -> 4.5610802 | BC924: BHILWARA | BD924: BHILWARA | BE924: RJ-UDAIPUR
A925: 172083 | B925: JAGDAMBA ENTERPRISES | C925: 0 | D925: 0 | E925: 0 | F925: =IFERROR(C925/(E925/30),0) -> 0 | G925: 0 | H925: 0 | I925: 0 | J925: =IFERROR(G925/(I925/31),0) -> 0 | K925: -17929.85 | L925: 0 | M925: 0 | N925: =IFERROR(K925/(M925/30),0) -> 0 | O925: 17600.15 | P925: 10 | Q925: 80700 | R925: =IFERROR(O925/(Q925/31),0) -> 6.7609002 | S925: 0 | T925: 0 | U925: 0 | V925: =IFERROR(S925/(U925/31),0) -> 0 | W925: 0 | X925: 0 | Y925: 0 | Z925: =IFERROR(W925/(Y925/30),0) -> 0 | AA925: 0 | AB925: 0 | AC925: 0 | AD925: =IFERROR(AA925/(AC925/31),0) -> 0 | AE925: 0 | AF925: 0 | AG925: 0 | AH925: =IFERROR(AE925/(AG925/30),0) -> 0 | AI925: 156200.61 | AJ925: 25 | AK925: 168000 | AL925: =IFERROR(AI925/(AK925/31),0) -> 28.822732 | AM925: 202700.61 | AN925: 50 | AO925: 327500 | AP925: =IFERROR(AM925/(AO925/31),0) -> 19.186928 | AQ925: 448850.61 | AR925: 75 | AS925: 498400 | AT925: =IFERROR(AQ925/(AS925/28),0) -> 25.216326 | AU925: 252375.61 | AV925: 45 | AW925: 310750 | AX925: =IFERROR(AU925/(AW925/31),0) -> 25.17665 | AY925: =G925+K925+O925+S925+W925+AA925+AE925+AI925+AM925+AQ925+AU925 -> 1059797.7 | AZ925: =H925+L925+P925+T925+X925+AB925+AF925+AJ925+AN925+AR925+AV925 -> 205 | BA925: =I925+M925+Q925+U925+Y925+AC925+AG925+AK925+AO925+AS925+AW925 -> 1385350 | BB925: =IFERROR(AY925/(BA925/31),0) -> 23.715112 | BC925: BHILWARA | BD925: BHILWARA | BE925: RJ-UDAIPUR
A926: 172425 | B926: SHREE DEVNARAYAN SUPPLIERS | C926: -14500 | D926: 0 | E926: 0 | F926: =IFERROR(C926/(E926/30),0) -> 0 | G926: -9900 | H926: 35 | I926: 245700 | J926: =IFERROR(G926/(I926/31),0) -> -1.2490842 | K926: -20800 | L926: 35 | M926: 245700 | N926: =IFERROR(K926/(M926/30),0) -> -2.5396825 | O926: -11816.96 | P926: 30 | Q926: 209200 | R926: =IFERROR(O926/(Q926/31),0) -> -1.7510792 | S926: 1783.04 | T926: 10 | U926: 69400 | V926: =IFERROR(S926/(U926/31),0) -> 0.79645879 | W926: 63700.04 | X926: 10 | Y926: 68400 | Z926: =IFERROR(W926/(Y926/30),0) -> 27.938614 | AA926: 0 | AB926: 0 | AC926: 0 | AD926: =IFERROR(AA926/(AC926/31),0) -> 0 | AE926: 0 | AF926: 0 | AG926: 0 | AH926: =IFERROR(AE926/(AG926/30),0) -> 0 | AI926: 63899.74 | AJ926: 10 | AK926: 68400 | AL926: =IFERROR(AI926/(AK926/31),0) -> 28.960408 | AM926: 0 | AN926: 0 | AO926: 0 | AP926: =IFERROR(AM926/(AO926/31),0) -> 0 | AQ926: 56099.74 | AR926: 30 | AS926: 199000 | AT926: =IFERROR(AQ926/(AS926/28),0) -> 7.8934308 | AU926: -16300.26 | AV926: 10 | AW926: 70000 | AX926: =IFERROR(AU926/(AW926/31),0) -> -7.2186866 | AY926: =G926+K926+O926+S926+W926+AA926+AE926+AI926+AM926+AQ926+AU926 -> 126665.34 | AZ926: =H926+L926+P926+T926+X926+AB926+AF926+AJ926+AN926+AR926+AV926 -> 170 | BA926: =I926+M926+Q926+U926+Y926+AC926+AG926+AK926+AO926+AS926+AW926 -> 1175800 | BB926: =IFERROR(AY926/(BA926/31),0) -> 3.3395352 | BC926: BHILWARA | BD926: BHILWARA | BE926: RJ-UDAIPUR
A927: 175049 | B927: KASHISH ENTERPRISES | C927: -237030.66 | D927: 550.9 | E927: 3859609 | F927: =IFERROR(C927/(E927/30),0) -> -1.8423938 | G927: -179229.66 | H927: 537.95 | I927: 3779114.5 | J927: =IFERROR(G927/(I927/31),0) -> -1.4702173 | K927: -271149.16 | L927: 417.5 | M927: 2967225 | N927: =IFERROR(K927/(M927/30),0) -> -2.7414419 | O927: -224714.16 | P927: 406 | Q927: 2869660 | R927: =IFERROR(O927/(Q927/31),0) -> -2.4275137 | S927: 389778.84 | T927: 271 | U927: 1940960 | V927: =IFERROR(S927/(U927/31),0) -> 6.2253442 | W927: 235873.92 | X927: 260.5 | Y927: 1807555 | Z927: =IFERROR(W927/(Y927/30),0) -> 3.9148007 | AA927: 247791.93 | AB927: 227 | AC927: 1635470 | AD927: =IFERROR(AA927/(AC927/31),0) -> 4.6968455 | AE927: 663246.92 | AF927: 192 | AG927: 1408620 | AH927: =IFERROR(AE927/(AG927/30),0) -> 14.125462 | AI927: -32908.08 | AJ927: 151 | AK927: 977510 | AL927: =IFERROR(AI927/(AK927/31),0) -> -1.0436215 | AM927: 275646.9 | AN927: 203.5 | AO927: 1355145 | AP927: =IFERROR(AM927/(AO927/31),0) -> 6.3056381 | AQ927: -295688.65 | AR927: 317.25 | AS927: 2212832.5 | AT927: =IFERROR(AQ927/(AS927/28),0) -> -3.7414862 | AU927: -671135.59 | AV927: 429 | AW927: 2974430 | AX927: =IFERROR(AU927/(AW927/31),0) -> -6.9946858 | AY927: =G927+K927+O927+S927+W927+AA927+AE927+AI927+AM927+AQ927+AU927 -> 137513.21 | AZ927: =H927+L927+P927+T927+X927+AB927+AF927+AJ927+AN927+AR927+AV927 -> 3412.7 | BA927: =I927+M927+Q927+U927+Y927+AC927+AG927+AK927+AO927+AS927+AW927 -> 23928522 | BB927: =IFERROR(AY927/(BA927/31),0) -> 0.17815181 | BC927: BHILWARA | BD927: BHILWARA | BE927: RJ-UDAIPUR
A928: 175287 | B928: SHREE DEVNARAYAN BUILDING MATE | C928: -69280.41 | D928: 10 | E928: 81100 | F928: =IFERROR(C928/(E928/30),0) -> -25.627772 | G928: 98183.19 | H928: 100 | I928: 724950 | J928: =IFERROR(G928/(I928/31),0) -> 4.1984673 | K928: 274963.19 | L928: 103.5 | M928: 767035 | N928: =IFERROR(K928/(M928/30),0) -> 10.754262 | O928: 347463.19 | P928: 110 | Q928: 830850 | R928: =IFERROR(O928/(Q928/31),0) -> 12.964264 | S928: 468585.69 | T928: 72 | U928: 538770 | V928: =IFERROR(S928/(U928/31),0) -> 26.961702 | W928: 357595.69 | X928: 42 | Y928: 307020 | Z928: =IFERROR(W928/(Y928/30),0) -> 34.941928 | AA928: 374790.69 | AB928: 56.15 | AC928: 433161.5 | AD928: =IFERROR(AA928/(AC928/31),0) -> 26.822586 | AE928: 310496.06 | AF928: 37.65 | AG928: 281556.5 | AH928: =IFERROR(AE928/(AG928/30),0) -> 33.083526 | AI928: 313472.06 | AJ928: 57 | AK928: 412400 | AL928: =IFERROR(AI928/(AK928/31),0) -> 23.563613 | AM928: 211714.05 | AN928: 51.85 | AO928: 358144.5 | AP928: =IFERROR(AM928/(AO928/31),0) -> 18.325384 | AQ928: 211651.56 | AR928: 56 | AS928: 394320 | AT928: =IFERROR(AQ928/(AS928/28),0) -> 15.029021 | AU928: 325457.6 | AV928: 82 | AW928: 590340 | AX928: =IFERROR(AU928/(AW928/31),0) -> 17.090466 | AY928: =G928+K928+O928+S928+W928+AA928+AE928+AI928+AM928+AQ928+AU928 -> 3294373 | AZ928: =H928+L928+P928+T928+X928+AB928+AF928+AJ928+AN928+AR928+AV928 -> 768.15 | BA928: =I928+M928+Q928+U928+Y928+AC928+AG928+AK928+AO928+AS928+AW928 -> 5638547.5 | BB928: =IFERROR(AY928/(BA928/31),0) -> 18.112034 | BC928: BHILWARA | BD928: BHILWARA | BE928: RJ-UDAIPUR
A929: 175680 | B929: ADINATH TRADERS | C929: 80252.86 | D929: 0 | E929: 0 | F929: =IFERROR(C929/(E929/30),0) -> 0 | G929: -43425.14 | H929: 57.5 | I929: 406525 | J929: =IFERROR(G929/(I929/31),0) -> -3.3114306 | K929: -108692.64 | L929: 201 | M929: 1422720 | N929: =IFERROR(K929/(M929/30),0) -> -2.2919332 | O929: -81069.33 | P929: 165 | Q929: 1159950 | R929: =IFERROR(O929/(Q929/31),0) -> -2.1666013 | S929: 63632.42 | T929: 121 | U929: 846120 | V929: =IFERROR(S929/(U929/31),0) -> 2.3313537 | W929: 90599.89 | X929: 120.75 | Y929: 830927.5 | Z929: =IFERROR(W929/(Y929/30),0) -> 3.2710395 | AA929: -55272.61 | AB929: 6 | AC929: 50220 | AD929: =IFERROR(AA929/(AC929/31),0) -> -34.118895 | AE929: -79750.5 | AF929: 132 | AG929: 975490 | AH929: =IFERROR(AE929/(AG929/30),0) -> -2.4526289 | AI929: -71983.5 | AJ929: 186 | AK929: 1238900 | AL929: =IFERROR(AI929/(AK929/31),0) -> -1.8011853 | AM929: 231378.98 | AN929: 101.5 | AO929: 677720 | AP929: =IFERROR(AM929/(AO929/31),0) -> 10.583646 | AQ929: 156528.95 | AR929: 168 | AS929: 1138440 | AT929: =IFERROR(AQ929/(AS929/28),0) -> 3.8498389 | AU929: -121313.38 | AV929: 181.25 | AW929: 1274237.5 | AX929: =IFERROR(AU929/(AW929/31),0) -> -2.9513452 | AY929: =G929+K929+O929+S929+W929+AA929+AE929+AI929+AM929+AQ929+AU929 -> -19366.86 | AZ929: =H929+L929+P929+T929+X929+AB929+AF929+AJ929+AN929+AR929+AV929 -> 1440 | BA929: =I929+M929+Q929+U929+Y929+AC929+AG929+AK929+AO929+AS929+AW929 -> 10021250 | BB929: =IFERROR(AY929/(BA929/31),0) -> -0.059909957 | BC929: BHILWARA | BD929: BHILWARA | BE929: RJ-UDAIPUR
A930: 175848 | B930: PURAWAT ENTERPRISERS | C930: 277800.2 | D930: 40 | E930: 282800 | F930: =IFERROR(C930/(E930/30),0) -> 29.469611 | G930: 149432.8 | H930: 152.5 | I930: 1082050 | J930: =IFERROR(G930/(I930/31),0) -> 4.2811486 | K930: 418572.8 | L930: 276.25 | M930: 1963337.5 | N930: =IFERROR(K930/(M930/30),0) -> 6.3958357 | O930: 634273.8 | P930: 250.35 | Q930: 1769884.5 | R930: =IFERROR(O930/(Q930/31),0) -> 11.109475 | S930: 463786.3 | T930: 163.75 | U930: 1164962.5 | V930: =IFERROR(S930/(U930/31),0) -> 12.341492 | W930: 600731.68 | X930: 231.75 | Y930: 1654797.5 | Z930: =IFERROR(W930/(Y930/30),0) -> 10.890729 | AA930: 753888.68 | AB930: 177.85 | AC930: 1288279.5 | AD930: =IFERROR(AA930/(AC930/31),0) -> 18.1409 | AE930: 669470.1 | AF930: 154.15 | AG930: 1138770.5 | AH930: =IFERROR(AE930/(AG930/30),0) -> 17.636655 | AI930: 672165.6 | AJ930: 268.5 | AK930: 1805230 | AL930: =IFERROR(AI930/(AK930/31),0) -> 11.542648 | AM930: 443588.1 | AN930: 170.2 | AO930: 1160921 | AP930: =IFERROR(AM930/(AO930/31),0) -> 11.845105 | AQ930: 790208.66 | AR930: 258.75 | AS930: 1717587.5 | AT930: =IFERROR(AQ930/(AS930/28),0) -> 12.88193 | AU930: 697848.76 | AV930: 249.65 | AW930: 1752284.5 | AX930: =IFERROR(AU930/(AW930/31),0) -> 12.345776 | AY930: =G930+K930+O930+S930+W930+AA930+AE930+AI930+AM930+AQ930+AU930 -> 6293967.3 | AZ930: =H930+L930+P930+T930+X930+AB930+AF930+AJ930+AN930+AR930+AV930 -> 2353.7 | BA930: =I930+M930+Q930+U930+Y930+AC930+AG930+AK930+AO930+AS930+AW930 -> 16498105 | BB930: =IFERROR(AY930/(BA930/31),0) -> 11.826388 | BC930: BHILWARA | BD930: BHILWARA | BE930: RJ-UDAIPUR
A931: 177202 | B931: GIRIRAJ TRADERS | C931: 148845.06 | D931: 0 | E931: 0 | F931: =IFERROR(C931/(E931/30),0) -> 0 | G931: -49224.94 | H931: 187 | I931: 1320740 | J931: =IFERROR(G931/(I931/31),0) -> -1.1553925 | K931: 269005.06 | L931: 175 | M931: 1241650 | N931: =IFERROR(K931/(M931/30),0) -> 6.4995384 | O931: 328755.06 | P931: 100 | Q931: 707500 | R931: =IFERROR(O931/(Q931/31),0) -> 14.404815 | S931: 241980.06 | T931: 22.5 | U931: 158725 | V931: =IFERROR(S931/(U931/31),0) -> 47.260242 | W931: 305005.06 | X931: 55 | Y931: 378475 | Z931: =IFERROR(W931/(Y931/30),0) -> 24.17637 | AA931: 420155.06 | AB931: 75 | AC931: 537000 | AD931: =IFERROR(AA931/(AC931/31),0) -> 24.254761 | AE931: 307904.58 | AF931: 25 | AG931: 183050 | AH931: =IFERROR(AE931/(AG931/30),0) -> 50.462373 | AI931: 392294.58 | AJ931: 74 | AK931: 508520 | AL931: =IFERROR(AI931/(AK931/31),0) -> 23.914757 | AM931: 447734.56 | AN931: 61 | AO931: 411830 | AP931: =IFERROR(AM931/(AO931/31),0) -> 33.702672 | AQ931: 372280.58 | AR931: 60 | AS931: 403750 | AT931: =IFERROR(AQ931/(AS931/28),0) -> 25.817601 | AU931: 278908.58 | AV931: 40 | AW931: 273650 | AX931: =IFERROR(AU931/(AW931/31),0) -> 31.59571 | AY931: =G931+K931+O931+S931+W931+AA931+AE931+AI931+AM931+AQ931+AU931 -> 3314798.2 | AZ931: =H931+L931+P931+T931+X931+AB931+AF931+AJ931+AN931+AR931+AV931 -> 874.5 | BA931: =I931+M931+Q931+U931+Y931+AC931+AG931+AK931+AO931+AS931+AW931 -> 6124890 | BB931: =IFERROR(AY931/(BA931/31),0) -> 16.777239 | BC931: BHILWARA | BD931: BHILWARA | BE931: RJ-UDAIPUR
... A1170: 205574 | B1170: LAVISH KUMAR & COMPANY | C1170: 0 | D1170: 0 | E1170: 0 | F1170: =IFERROR(C1170/(E1170/30),0) -> 0 | G1170: 0 | H1170: 0 | I1170: 0 | J1170: =IFERROR(G1170/(I1170/31),0) -> 0 | K1170: 0 | L1170: 0 | M1170: 0 | N1170: =IFERROR(K1170/(M1170/30),0) -> 0 | O1170: 0 | P1170: 0 | Q1170: 0 | R1170: =IFERROR(O1170/(Q1170/31),0) -> 0 | S1170: 0 | T1170: 0 | U1170: 0 | V1170: =IFERROR(S1170/(U1170/31),0) -> 0 | W1170: 0 | X1170: 0 | Y1170: 0 | Z1170: =IFERROR(W1170/(Y1170/30),0) -> 0 | AA1170: 0 | AB1170: 0 | AC1170: 0 | AD1170: =IFERROR(AA1170/(AC1170/31),0) -> 0 | AE1170: -4900 | AF1170: 10 | AG1170: 72400 | AH1170: =IFERROR(AE1170/(AG1170/30),0) -> -2.0303867 | AI1170: -10900 | AJ1170: 25 | AK1170: 173750 | AL1170: =IFERROR(AI1170/(AK1170/31),0) -> -1.9447482 | AM1170: 59300 | AN1170: 20 | AO1170: 135400 | AP1170: =IFERROR(AM1170/(AO1170/31),0) -> 13.576809 | AQ1170: 0 | AR1170: 0 | AS1170: 0 | AT1170: =IFERROR(AQ1170/(AS1170/28),0) -> 0 | AU1170: -2200 | AV1170: 0 | AW1170: 0 | AX1170: =IFERROR(AU1170/(AW1170/31),0) -> 0 | AY1170: =G1170+K1170+O1170+S1170+W1170+AA1170+AE1170+AI1170+AM1170+AQ1170+AU1170 -> 41300 | AZ1170: =H1170+L1170+P1170+T1170+X1170+AB1170+AF1170+AJ1170+AN1170+AR1170+AV1170 -> 55 | BA1170: =I1170+M1170+Q1170+U1170+Y1170+AC1170+AG1170+AK1170+AO1170+AS1170+AW1170 -> 381550 | BB1170: =IFERROR(AY1170/(BA1170/31),0) -> 3.3555235 | BC1170: UDAIPUR | BD1170: UDAIPUR | BE1170: RJ-UDAIPUR
B1171: TOTAL | C1171: =SUM(C3:C1170) -> -56694937 | D1171: =SUM(D3:D1170) -> 25005.75 | E1171: =SUM(E3:E1170) -> 178338926 | F1171: =IFERROR(C1171/(E1171/30),0) -> -9.5371669 | G1171: =SUM(G3:G1170) -> 53340982 | H1171: =SUM(H3:H1170) -> 123173.8 | I1171: =SUM(I3:I1170) -> 869514262 | J1171: =IFERROR(G1171/(I1171/31),0) -> 1.9017175 | K1171: =SUM(K3:K1170) -> 78638951 | L1171: =SUM(L3:L1170) -> 150600.35 | M1171: =SUM(M3:M1170) -> 1.0820611e+09 | N1171: =IFERROR(K1171/(M1171/30),0) -> 2.1802545 | O1171: =SUM(O3:O1170) -> 1.0376579e+08 | P1171: =SUM(P3:P1170) -> 133171.85 | Q1171: =SUM(Q3:Q1170) -> 952592304 | R1171: =IFERROR(O1171/(Q1171/31),0) -> 3.3768272 | S1171: =SUM(S3:S1170) -> 1.4137881e+08 | T1171: =SUM(T3:T1170) -> 102771.3 | U1171: =SUM(U3:U1170) -> 732967711 | V1171: =IFERROR(S1171/(U1171/31),0) -> 5.9794493 | W1171: =SUM(W3:W1170) -> 1.5137534e+08 | X1171: =SUM(X3:X1170) -> 116925.4 | Y1171: =SUM(Y3:Y1170) -> 822052028 | Z1171: =IFERROR(W1171/(Y1171/30),0) -> 5.5242977 | AA1171: =SUM(AA3:AA1170) -> 1.9592864e+08 | AB1171: =SUM(AB3:AB1170) -> 109153.2 | AC1171: =SUM(AC3:AC1170) -> 8.0737163e+08 | AD1171: =IFERROR(AA1171/(AC1171/31),0) -> 7.5229146 | AE1171: =SUM(AE3:AE1170) -> 2.7475278e+08 | AF1171: =SUM(AF3:AF1170) -> 94779.8 | AG1171: =SUM(AG3:AG1170) -> 707408014 | AH1171: =IFERROR(AE1171/(AG1171/30),0) -> 11.65181 | AI1171: =SUM(AI3:AI1170) -> 1.8270255e+08 | AJ1171: =SUM(AJ3:AJ1170) -> 126117.85 | AK1171: =SUM(AK3:AK1170) -> 882419667 | AL1171: =IFERROR(AI1171/(AK1171/31),0) -> 6.4184643 | AM1171: =SUM(AM3:AM1170) -> 2.4758492e+08 | AN1171: =SUM(AN3:AN1170) -> 141789.05 | AO1171: =SUM(AO3:AO1170) -> 950645675 | AP1171: =IFERROR(AM1171/(AO1171/31),0) -> 8.0735995 | AQ1171: =SUM(AQ3:AQ1170) -> 3.1953512e+08 | AR1171: =SUM(AR3:AR1170) -> 154285.6 | AS1171: =SUM(AS3:AS1170) -> 1086059924 | AT1171: =IFERROR(AQ1171/(AS1171/28),0) -> 8.2380201 | AU1171: =SUM(AU3:AU1170) -> 1.1012338e+08 | AV1171: =SUM(AV3:AV1170) -> 158052.2 | AW1171: =SUM(AW3:AW1170) -> 1135776391 | AX1171: =IFERROR(AU1171/(AW1171/31),0) -> 3.005719 | AY1171: =SUM(AY3:AY1170) -> 1.8591273e+09 | AZ1171: =SUM(AZ3:AZ1170) -> 1410820.4 | BA1171: =SUM(BA3:BA1170) -> 10028868659 | BB1171: =IFERROR(AY1171/(BA1171/31),0) -> 5.7467046

Sheet DSO FY 21-22
C1: Apr'21 | G1: May'21 | K1: Jun'21 | O1: July'21 | S1: Aug'21 | W1: Sep'21 | AA1: Oct'21 | AE1: Nov'21 | AI1: Dec'20 | AM1: Jan'22 | AQ1: Feb'22 | AU1: Mar'22 | AY1: Avg. DSO (Apr'21-Mar'22)
A2: Customer | B2: Customer Dis. | C2: O/S Apr 21 | D2: Billing Value Apr 21 | E2: Sale | F2: DSO | G2: O/S May 21 | H2: Billing Value May 21 | I2: Sale | J2: DSO | K2: O/S Jun 21 | L2: Billing Value Jun 21 | M2: Sale | N2: DSO | O2: O/S Jul 21 | P2: Billing Value Jul 21 | Q2: Sale | R2: DSO | S2: O/S Aug 21 | T2: Billing Value Aug 21 | U2: Sale | V2: DSO | W2: O/S Sep 21 | X2: Billing Value Sep 21 | Y2: Sale | Z2: DSO | AA2: O/S Oct 21 | AB2: Billing Value Oct 21 | AC2: Sale | AD2: DSO | AE2: O/S Nov 21 | AF2: Billing Value Nov 21 | AG2: Sale | AH2: DSO | AI2: O/S Dec 21 | AJ2: Billing Value Dec 21 | AK2: Sale | AL2: DSO | AM2: O/S Jan 22 | AN2: Billing Value Jan 22 | AO2: Sale | AP2: DSO | AQ2: O/S Feb 22 | AR2: Billing Value Feb 22 | AS2: Sale | AT2: DSO | AU2: O/S Mar 22 | AV2: Billing Value Mar 22 | AW2: Sale | AX2: DSO | AY2: Total O/S | AZ2: Total Billing Value | BA2: Total Sale | BB2: Avg. DSO | BC2: DIST. | BD2: AO | BE2: STATE | BF2: DMO
A3: 119046 | B3: GARG AGRO AGENCIES | C3: 30196.84 | D3: 2074090 | E3: 305.5 | F3: =IFERROR(C3/(D3/30),0) -> 0.43677237 | G3: -109817.13 | H3: 3317410 | I3: 501 | J3: =IFERROR(G3/(H3/31),0) -> -1.0262015 | K3: -198368.66 | L3: 4373950 | M3: 637 | N3: =IFERROR(K3/(L3/30),0) -> -1.3605688 | O3: -149612.66 | P3: 5002370 | Q3: 731 | R3: =IFERROR(O3/(P3/31),0) -> -0.92715902 | S3: -123918.6 | T3: 4376850 | U3: 642 | V3: =IFERROR(S3/(T3/31),0) -> -0.87768066 | W3: -496635.08 | X3: 3621795 | Y3: 530.5 | Z3: =IFERROR(W3/(X3/30),0) -> -4.1137205 | AA3: 275203.98 | AB3: 3764340 | AC3: 519.5 | AD3: =IFERROR(AA3/(AB3/31),0) -> 2.266353 | AE3: -52747.06 | AF3: 3680340 | AG3: 505 | AH3: =IFERROR(AE3/(AF3/30),0) -> -0.42996348 | AI3: 468415.42 | AJ3: 4351845 | AK3: 617.25 | AL3: =IFERROR(AI3/(AJ3/31),0) -> 3.3367176 | AM3: -85562.09 | AN3: 2674055 | AO3: 378 | AP3: =IFERROR(AM3/(AN3/31),0) -> -0.99191108 | AQ3: 166162.94 | AR3: 5543330 | AS3: 797.5 | AT3: =IFERROR(AQ3/(AR3/31),0) -> 0.92923408 | AU3: 87761.95 | AV3: 5094720 | AW3: 711 | AX3: =IFERROR(AU3/(AV3/31),0) -> 0.53400785 | AY3: =C3+G3+K3+O3+S3+W3+AA3 -> -772951.31 | AZ3: =D3+H3+L3+P3+T3+X3+AB3 -> 26530805 | BA3: =E3+I3+M3+Q3+U3+Y3+AC3+AG3+AK3+AO3+AS3+AW3 -> 6875.25 | BB3: =IFERROR(AY3/(AZ3/31),0) -> -0.90315732 | BC3: ALWAR | BD3: ALWAR | BE3: RJ-Jaipur | BF3: SUMIT KUMAR VERMA
A4: 141581 | B4: GUPTA KHAD BEEJ BHANDAR | C4: 130921.34 | D4: 278360 | E4: 40.5 | F4: =IFERROR(C4/(D4/30),0) -> 14.10993 | G4: 254907.35 | H4: 625340 | I4: 94.5 | J4: =IFERROR(G4/(H4/31),0) -> 12.63653 | K4: 343086.35 | L4: 655870 | M4: 93 | N4: =IFERROR(K4/(L4/30),0) -> 15.693034 | O4: -1320.65 | P4: 145100 | Q4: 20 | R4: =IFERROR(O4/(P4/31),0) -> -0.28215127 | S4: -25515.64 | T4: 378240 | U4: 55 | V4: =IFERROR(S4/(T4/31),0) -> -2.0912247 | W4: 30772.36 | X4: 222900 | Y4: 32 | Z4: =IFERROR(W4/(X4/30),0) -> 4.1416366 | AA4: 105203.35 | AB4: 418900 | AC4: 57 | AD4: =IFERROR(AA4/(AB4/31),0) -> 7.7853995 | AE4: 239850.35 | AF4: 405250 | AG4: 55 | AH4: =IFERROR(AE4/(AF4/30),0) -> 17.755732 | AI4: -30511.65 | AJ4: 384550 | AK4: 52 | AL4: =IFERROR(AI4/(AJ4/31),0) -> -2.4596571 | AM4: 62112.35 | AN4: 297330 | AO4: 42 | AP4: =IFERROR(AM4/(AN4/31),0) -> 6.4759118 | AQ4: 68665.35 | AR4: 322750 | AS4: 46 | AT4: =IFERROR(AQ4/(AR4/31),0) -> 6.5952776 | AU4: -41166.41 | AV4: 333950 | AW4: 48 | AX4: =IFERROR(AU4/(AV4/31),0) -> -3.8214065 | AY4: =C4+G4+K4+O4+S4+W4+AA4 -> 838054.46 | AZ4: =D4+H4+L4+P4+T4+X4+AB4 -> 2724710 | BA4: =E4+I4+M4+Q4+U4+Y4+AC4+AG4+AK4+AO4+AS4+AW4 -> 635 | BB4: =IFERROR(AY4/(AZ4/31),0) -> 9.5348453 | BC4: ALWAR | BD4: ALWAR | BE4: RJ-Jaipur | BF4: SUMIT KUMAR VERMA
A5: 142759 | B5: GUPTA AGENCIES | C5: -400.7 | D5: 71700 | E5: 10 | F5: =IFERROR(C5/(D5/30),0) -> -0.1676569 | G5: 271209.3 | H5: 576120 | I5: 83.5 | J5: =IFERROR(G5/(H5/31),0) -> 14.593294 | K5: -19315.7 | L5: 527130 | M5: 74.5 | N5: =IFERROR(K5/(L5/30),0) -> -1.0992943 | O5: -3460.7 | P5: 305300 | Q5: 43 | R5: =IFERROR(O5/(P5/31),0) -> -0.35139764 | S5: -6050.7 | T5: 354700 | U5: 50 | V5: =IFERROR(S5/(T5/31),0) -> -0.52881787 | W5: -15323.2 | X5: 206500 | Y5: 29.5 | Z5: =IFERROR(W5/(X5/30),0) -> -2.2261308 | AA5: 176311.8 | AB5: 434500 | AC5: 60 | AD5: =IFERROR(AA5/(AB5/31),0) -> 12.579208 | AE5: 67261.8 | AF5: 226500 | AG5: 30 | AH5: =IFERROR(AE5/(AF5/30),0) -> 8.9088477 | AI5: 263196.79 | AJ5: 574710 | AK5: 79 | AL5: =IFERROR(AI5/(AJ5/31),0) -> 14.1969 | AM5: -9103.21 | AN5: 65500 | AO5: 10 | AP5: =IFERROR(AM5/(AN5/31),0) -> -4.3083895 | AQ5: -5203.21 | AR5: 142000 | AS5: 20 | AT5: =IFERROR(AQ5/(AR5/31),0) -> -1.135912 | AU5: -45760.7 | AV5: 404550 | AW5: 56.5 | AX5: =IFERROR(AU5/(AV5/31),0) -> -3.506567 | AY5: =C5+G5+K5+O5+S5+W5+AA5 -> 402970.1 | AZ5: =D5+H5+L5+P5+T5+X5+AB5 -> 2475950 | BA5: =E5+I5+M5+Q5+U5+Y5+AC5+AG5+AK5+AO5+AS5+AW5 -> 546 | BB5: =IFERROR(AY5/(AZ5/31),0) -> 5.0453657 | BC5: ALWAR | BD5: ALWAR | BE5: RJ-Jaipur | BF5: SUMIT KUMAR VERMA
A6: 142984 | B6: JAGDAMBEY BUILDING MATERIAL SUPP. | C6: 493907.74 | D6: 834460 | E6: 123 | F6: =IFERROR(C6/(D6/30),0) -> 17.756672 | G6: 309147.75 | H6: 760555 | I6: 114 | J6: =IFERROR(G6/(H6/31),0) -> 12.600772 | K6: 591720.27 | L6: 1313240 | M6: 188.5 | N6: =IFERROR(K6/(L6/30),0) -> 13.517413 | O6: 460555.28 | P6: 538265 | Q6: 79 | R6: =IFERROR(O6/(P6/31),0) -> 26.524507 | S6: 294820.28 | T6: 372500 | U6: 52.5 | V6: =IFERROR(S6/(T6/31),0) -> 24.535379 | W6: 482553.27 | X6: 575647.5 | Y6: 85.55 | Z6: =IFERROR(W6/(X6/30),0) -> 25.148373 | AA6: 325563.27 | AB6: 372600 | AC6: 53 | AD6: =IFERROR(AA6/(AB6/31),0) -> 27.086584 | AE6: 212789.27 | AF6: 220770 | AG6: 31 | AH6: =IFERROR(AE6/(AF6/30),0) -> 28.915514 | AI6: 653753.27 | AJ6: 1126020 | AK6: 161 | AL6: =IFERROR(AI6/(AJ6/31),0) -> 17.998216 | AM6: 406363.27 | AN6: 114750 | AO6: 15 | AP6: =IFERROR(AM6/(AN6/31),0) -> 109.78006 | AQ6: 459698.27 | AR6: 584300 | AS6: 82 | AT6: =IFERROR(AQ6/(AR6/31),0) -> 24.389263 | AU6: 320758.26 | AV6: 636975 | AW6: 90 | AX6: =IFERROR(AU6/(AV6/31),0) -> 15.610512 | AY6: =C6+G6+K6+O6+S6+W6+AA6 -> 2958267.9 | AZ6: =D6+H6+L6+P6+T6+X6+AB6 -> 4767267.5 | BA6: =E6+I6+M6+Q6+U6+Y6+AC6+AG6+AK6+AO6+AS6+AW6 -> 1074.55 | BB6: =IFERROR(AY6/(AZ6/31),0) -> 19.23666 | BC6: ALWAR | BD6: ALWAR | BE6: RJ-Jaipur | BF6: SUMIT KUMAR VERMA
A7: 143509 | B7: PAWAN BUILDERS | C7: 211843.71 | D7: 904119 | E7: 133.6 | F7: =IFERROR(C7/(D7/30),0) -> 7.0292863 | G7: -17618.29 | H7: 655250 | I7: 100 | J7: =IFERROR(G7/(H7/31),0) -> -0.83352459 | K7: 173160.24 | L7: 1657731 | M7: 242.6 | N7: =IFERROR(K7/(L7/30),0) -> 3.1336853 | O7: -22895.27 | P7: 1370500 | Q7: 200.5 | R7: =IFERROR(O7/(P7/31),0) -> -0.51787915 | S7: 531099.7 | T7: 1333600 | U7: 201.5 | V7: =IFERROR(S7/(T7/31),0) -> 12.345599 | W7: 341049.44 | X7: 1230085.5 | Y7: 179.15 | Z7: =IFERROR(W7/(X7/30),0) -> 8.3177008 | AA7: 348768.43 | AB7: 1124515 | AC7: 160.6 | AD7: =IFERROR(AA7/(AB7/31),0) -> 9.6146528 | AE7: 251362.67 | AF7: 1028035 | AG7: 143.75 | AH7: =IFERROR(AE7/(AF7/30),0) -> 7.3352367 | AI7: 776799.9 | AJ7: 2069832.5 | AK7: 300.65 | AL7: =IFERROR(AI7/(AJ7/31),0) -> 11.634177 | AM7: 200.9 | AN7: 0 | AO7: 0 | AP7: =IFERROR(AM7/(AN7/31),0) -> 0 | AQ7: 487885.86 | AR7: 1210650 | AS7: 175 | AT7: =IFERROR(AQ7/(AR7/31),0) -> 12.492844 | AU7: 208271.82 | AV7: 1047770 | AW7: 151 | AX7: =IFERROR(AU7/(AV7/31),0) -> 6.1620646 | AY7: =C7+G7+K7+O7+S7+W7+AA7 -> 1565408 | AZ7: =D7+H7+L7+P7+T7+X7+AB7 -> 8275800.5 | BA7: =E7+I7+M7+Q7+U7+Y7+AC7+AG7+AK7+AO7+AS7+AW7 -> 1988.35 | BB7: =IFERROR(AY7/(AZ7/31),0) -> 5.8638009 | BC7: ALWAR | BD7: ALWAR | BE7: RJ-Jaipur | BF7: SUMIT KUMAR VERMA
A8: 143807 | B8: KHAN TRADING COMPANY | C8: 206762.66 | D8: 239850 | E8: 35 | F8: =IFERROR(C8/(D8/30),0) -> 25.861496 | G8: 181362.66 | H8: 130400 | I8: 20 | J8: =IFERROR(G8/(H8/31),0) -> 43.115356 | K8: 52587.66 | L8: 135800 | M8: 20 | N8: =IFERROR(K8/(L8/30),0) -> 11.617303 | O8: 52187.66 | P8: 202300 | Q8: 30 | R8: =IFERROR(O8/(P8/31),0) -> 7.9971204 | S8: 43587.66 | T8: 132000 | U8: 20 | V8: =IFERROR(S8/(T8/31),0) -> 10.236496 | W8: 42037.66 | X8: 133300 | Y8: 20 | Z8: =IFERROR(W8/(X8/30),0) -> 9.4608387 | AA8: 131387.66 | AB8: 159350 | AC8: 21 | AD8: =IFERROR(AA8/(AB8/31),0) -> 25.560197 | AE8: 153082.66 | AF8: 225050 | AG8: 31 | AH8: =IFERROR(AE8/(AF8/30),0) -> 20.406487 | AI8: 151647.66 | AJ8: 238150 | AK8: 33 | AL8: =IFERROR(AI8/(AJ8/31),0) -> 19.739985 | AM8: 144347.66 | AN8: 205300 | AO8: 30 | AP8: =IFERROR(AM8/(AN8/31),0) -> 21.796286 | AQ8: 151847.65 | AR8: 207600 | AS8: 30 | AT8: =IFERROR(AQ8/(AR8/31),0) -> 22.674745 | AU8: 51647.65 | AV8: 140000 | AW8: 20 | AX8: =IFERROR(AU8/(AV8/31),0) -> 11.436265 | AY8: =C8+G8+K8+O8+S8+W8+AA8 -> 709913.62 | AZ8: =D8+H8+L8+P8+T8+X8+AB8 -> 1133000 | BA8: =E8+I8+M8+Q8+U8+Y8+AC8+AG8+AK8+AO8+AS8+AW8 -> 310 | BB8: =IFERROR(AY8/(AZ8/31),0) -> 19.423938 | BC8: ALWAR | BD8: ALWAR | BE8: RJ-Jaipur | BF8: SUMIT KUMAR VERMA
A9: 147891 | B9: NEW SAINI TRADING COMPANY | C9: 45281 | D9: 820400 | E9: 120 | F9: =IFERROR(C9/(D9/30),0) -> 1.6558142 | G9: 102981.93 | H9: 1195310 | I9: 181.5 | J9: =IFERROR(G9/(H9/31),0) -> 2.6708049 | K9: 17681.46 | L9: 1160150 | M9: 170 | N9: =IFERROR(K9/(L9/30),0) -> 0.45722001 | O9: -6120 | P9: 683300 | Q9: 100 | R9: =IFERROR(O9/(P9/31),0) -> -0.27765257 | S9: 18099.96 | T9: 1168114 | U9: 175.2 | V9: =IFERROR(S9/(T9/31),0) -> 0.48034589 | W9: -82471.01 | X9: 771306 | Y9: 115.8 | Z9: =IFERROR(W9/(X9/30),0) -> -3.2077156 | AA9: 123767.01 | AB9: 1022821.5 | AC9: 145.95 | AD9: =IFERROR(AA9/(AB9/31),0) -> 3.75117 | AE9: -18298.95 | AF9: 564330 | AG9: 79 | AH9: =IFERROR(AE9/(AF9/30),0) -> -0.97277922 | AI9: -58171.3 | AJ9: 917350 | AK9: 130 | AL9: =IFERROR(AI9/(AJ9/31),0) -> -1.9657822 | AM9: 44361.96 | AN9: 861315 | AO9: 124.5 | AP9: =IFERROR(AM9/(AN9/31),0) -> 1.5966525 | AQ9: 26641 | AR9: 916800 | AS9: 130 | AT9: =IFERROR(AQ9/(AR9/31),0) -> 0.90081915 | AU9: -65103.53 | AV9: 855900 | AW9: 120 | AX9: =IFERROR(AU9/(AV9/31),0) -> -2.3579968 | AY9: =C9+G9+K9+O9+S9+W9+AA9 -> 219220.35 | AZ9: =D9+H9+L9+P9+T9+X9+AB9 -> 6821401.5 | BA9: =E9+I9+M9+Q9+U9+Y9+AC9+AG9+AK9+AO9+AS9+AW9 -> 1591.95 | BB9: =IFERROR(AY9/(AZ9/31),0) -> 0.99625141 | BC9: ALWAR | BD9: ALWAR | BE9: RJ-Jaipur | BF9: SUMIT KUMAR VERMA
A10: 147914 | B10: RAKESH BUILDING MATERIAL | C10: -3508.82 | D10: 270000 | E10: 40 | F10: =IFERROR(C10/(D10/30),0) -> -0.38986889 | G10: 59791.18 | H10: 264600 | I10: 40 | J10: =IFERROR(G10/(H10/31),0) -> 7.0050135 | K10: 56141.18 | L10: 201600 | M10: 30 | N10: =IFERROR(K10/(L10/30),0) -> 8.3543423 | O10: 77341.18 | P10: 271000 | Q10: 40 | R10: =IFERROR(O10/(P10/31),0) -> 8.8471461 | S10: 56750.18 | T10: 271800 | U10: 41 | V10: =IFERROR(S10/(T10/31),0) -> 6.4726107 | W10: 49225.17 | X10: 200750 | Y10: 30 | Z10: =IFERROR(W10/(X10/30),0) -> 7.3561898 | AA10: 134950.17 | AB10: 359250 | AC10: 50 | AD10: =IFERROR(AA10/(AB10/31),0) -> 11.644969 | AE10: -6799.84 | AF10: 212100 | AG10: 30 | AH10: =IFERROR(AE10/(AF10/30),0) -> -0.96178784 | AI10: 22887.65 | AJ10: 329275 | AK10: 47.5 | AL10: =IFERROR(AI10/(AJ10/31),0) -> 2.154786 | AM10: -2199.33 | AN10: 352026.5 | AO10: 50.95 | AP10: =IFERROR(AM10/(AN10/31),0) -> -0.19367641 | AQ10: -20049.33 | AR10: 353780 | AS10: 49 | AT10: =IFERROR(AQ10/(AR10/31),0) -> -1.7568241 | AU10: 19262.91 | AV10: 429900 | AW10: 60 | AX10: =IFERROR(AU10/(AV10/31),0) -> 1.3890445 | AY10: =C10+G10+K10+O10+S10+W10+AA10 -> 430690.24 | AZ10: =D10+H10+L10+P10+T10+X10+AB10 -> 1839000 | BA10: =E10+I10+M10+Q10+U10+Y10+AC10+AG10+AK10+AO10+AS10+AW10 -> 508.45 | BB10: =IFERROR(AY10/(AZ10/31),0) -> 7.26014 | BC10: ALWAR | BD10: ALWAR | BE10: RJ-Jaipur | BF10: SUMIT KUMAR VERMA
A11: 149765 | B11: ARORA CEMENT AGENCY | C11: 442544.62 | D11: 2815460 | E11: 418 | F11: =IFERROR(C11/(D11/30),0) -> 4.7155131 | G11: 369802.63 | H11: 2296180 | I11: 346.5 | J11: =IFERROR(G11/(H11/31),0) -> 4.9925884 | K11: -163295.31 | L11: 3979010 | M11: 581.5 | N11: =IFERROR(K11/(L11/30),0) -> -1.2311754 | O11: -5377.31 | P11: 1056450 | Q11: 155 | R11: =IFERROR(O11/(P11/31),0) -> -0.1577894 | S11: 57816.57 | T11: 3159250 | U11: 473 | V11: =IFERROR(S11/(T11/31),0) -> 0.56732252 | W11: -427567.73 | X11: 3078750 | Y11: 461 | Z11: =IFERROR(W11/(X11/30),0) -> -4.1663116 | AA11: 529331.28 | AB11: 3446032.5 | AC11: 491.55 | AD11: =IFERROR(AA11/(AB11/31),0) -> 4.7617861 | AE11: 194970.34 | AF11: 2887780 | AG11: 404 | AH11: =IFERROR(AE11/(AF11/30),0) -> 2.0254695 | AI11: -420536.36 | AJ11: 4660300 | AK11: 666 | AL11: =IFERROR(AI11/(AJ11/31),0) -> -2.7973794 | AM11: -70407.29 | AN11: 2179800 | AO11: 322 | AP11: =IFERROR(AM11/(AN11/31),0) -> -1.0012964 | AQ11: -18386.91 | AR11: 4146612.5 | AS11: 594.25 | AT11: =IFERROR(AQ11/(AR11/31),0) -> -0.13746021 | AU11: -143859.16 | AV11: 5329339 | AW11: 754.1 | AX11: =IFERROR(AU11/(AV11/31),0) -> -0.83680808 | AY11: =C11+G11+K11+O11+S11+W11+AA11 -> 803254.75 | AZ11: =D11+H11+L11+P11+T11+X11+AB11 -> 19831132 | BA11: =E11+I11+M11+Q11+U11+Y11+AC11+AG11+AK11+AO11+AS11+AW11 -> 5666.9 | BB11: =IFERROR(AY11/(AZ11/31),0) -> 1.2556468 | BC11: ALWAR | BD11: ALWAR | BE11: RJ-Jaipur | BF11: SUMIT KUMAR VERMA
A12: 171395 | B12: SUDAN TRADERS | C12: 0 | D12: 0 | E12: 0 | F12: =IFERROR(C12/(D12/30),0) -> 0 | G12: 0 | H12: 0 | I12: 0 | J12: =IFERROR(G12/(H12/31),0) -> 0 | K12: 0 | L12: 0 | M12: 0 | N12: =IFERROR(K12/(L12/30),0) -> 0 | O12: 0 | P12: 0 | Q12: 0 | R12: =IFERROR(O12/(P12/31),0) -> 0 | S12: 0 | T12: 0 | U12: 0 | V12: =IFERROR(S12/(T12/31),0) -> 0 | W12: 0 | X12: 0 | Y12: 0 | Z12: =IFERROR(W12/(X12/30),0) -> 0 | AA12: 0 | AB12: 0 | AC12: 0 | AD12: =IFERROR(AA12/(AB12/31),0) -> 0 | AE12: 0 | AF12: 0 | AG12: 0 | AH12: =IFERROR(AE12/(AF12/30),0) -> 0 | AI12: 0 | AJ12: 0 | AK12: 0 | AL12: =IFERROR(AI12/(AJ12/31),0) -> 0 | AM12: 0 | AN12: 0 | AO12: 0 | AP12: =IFERROR(AM12/(AN12/31),0) -> 0 | AQ12: 0 | AR12: 0 | AS12: 0 | AT12: =IFERROR(AQ12/(AR12/31),0) -> 0 | AU12: 0 | AV12: 0 | AW12: 0 | AX12: =IFERROR(AU12/(AV12/31),0) -> 0 | AY12: =C12+G12+K12+O12+S12+W12+AA12 -> 0 | AZ12: =D12+H12+L12+P12+T12+X12+AB12 -> 0 | BA12: =E12+I12+M12+Q12+U12+Y12+AC12+AG12+AK12+AO12+AS12+AW12 -> 0 | BB12: =IFERROR(AY12/(AZ12/31),0) -> 0 | BC12: ALWAR | BD12: ALWAR | BE12: RJ-Jaipur | BF12: SUMIT KUMAR VERMA
A13: 171880 | B13: BHUVAN AGENCIES | C13: -253946.67 | D13: 1397270 | E13: 203 | F13: =IFERROR(C13/(D13/30),0) -> -5.4523464 | G13: 63432.29 | H13: 1778490 | I13: 267 | J13: =IFERROR(G13/(H13/31),0) -> 1.1056576 | K13: -37513.1 | L13: 2552422.5 | M13: 372.25 | N13: =IFERROR(K13/(L13/30),0) -> -0.44091172 | O13: 563486.69 | P13: 3179291.5 | Q13: 467.35 | R13: =IFERROR(O13/(P13/31),0) -> 5.4943334 | S13: 714519.61 | T13: 2488825 | U13: 370.5 | V13: =IFERROR(S13/(T13/31),0) -> 8.8998254 | W13: 550684.89 | X13: 2336100 | Y13: 350 | Z13: =IFERROR(W13/(X13/30),0) -> 7.0718491 | AA13: 765929.31 | AB13: 4286407.5 | AC13: 595.05 | AD13: =IFERROR(AA13/(AB13/31),0) -> 5.539326 | AE13: 707265.31 | AF13: 929245 | AG13: 125.5 | AH13: =IFERROR(AE13/(AF13/30),0) -> 22.833547 | AI13: -443614.07 | AJ13: 0 | AK13: 0 | AL13: =IFERROR(AI13/(AJ13/31),0) -> 0 | AM13: -443614.07 | AN13: 0 | AO13: 0 | AP13: =IFERROR(AM13/(AN13/31),0) -> 0 | AQ13: -443614.07 | AR13: 0 | AS13: 0 | AT13: =IFERROR(AQ13/(AR13/31),0) -> 0 | AU13: -443614.07 | AV13: 0 | AW13: 0 | AX13: =IFERROR(AU13/(AV13/31),0) -> 0 | AY13: =C13+G13+K13+O13+S13+W13+AA13 -> 2366593 | AZ13: =D13+H13+L13+P13+T13+X13+AB13 -> 18018806 | BA13: =E13+I13+M13+Q13+U13+Y13+AC13+AG13+AK13+AO13+AS13+AW13 -> 2750.65 | BB13: =IFERROR(AY13/(AZ13/31),0) -> 4.0715451 | BC13: ALWAR | BD13: ALWAR | BE13: RJ-Jaipur | BF13: SUMIT KUMAR VERMA
A14: 172252 | B14: GUPTA TRADERS | C14: 285934.96 | D14: 271420 | E14: 41 | F14: =IFERROR(C14/(D14/30),0) -> 31.604336 | G14: 293134.96 | H14: 303700 | I14: 45 | J14: =IFERROR(G14/(H14/31),0) -> 29.92158 | K14: 197814.96 | L14: 205700 | M14: 30 | N14: =IFERROR(K14/(L14/30),0) -> 28.850018 | O14: 405914.96 | P14: 570280 | Q14: 84 | R14: =IFERROR(O14/(P14/31),0) -> 22.065238 | S14: 136118.96 | T14: 144148 | U14: 20.6 | V14: =IFERROR(S14/(T14/31),0) -> 29.273301 | W14: 191255.96 | X14: 275300 | Y14: 40 | Z14: =IFERROR(W14/(X14/30),0) -> 20.84155 | AA14: 157399.96 | AB14: 409500 | AC14: 60 | AD14: =IFERROR(AA14/(AB14/31),0) -> 11.915504 | AE14: 286929.96 | AF14: 302400 | AG14: 42 | AH14: =IFERROR(AE14/(AF14/30),0) -> 28.465274 | AI14: -4590.04 | AJ14: 0 | AK14: 0 | AL14: =IFERROR(AI14/(AJ14/31),0) -> 0 | AM14: 125099.96 | AN14: 376850 | AO14: 55 | AP14: =IFERROR(AM14/(AN14/31),0) -> 10.290829 | AQ14: 227499.95 | AR14: 311250 | AS14: 45 | AT14: =IFERROR(AQ14/(AR14/31),0) -> 22.65863 | AU14: 279895.97 | AV14: 318750 | AW14: 45 | AX14: =IFERROR(AU14/(AV14/31),0) -> 27.221255 | AY14: =C14+G14+K14+O14+S14+W14+AA14 -> 1667574.7 | AZ14: =D14+H14+L14+P14+T14+X14+AB14 -> 2180048 | BA14: =E14+I14+M14+Q14+U14+Y14+AC14+AG14+AK14+AO14+AS14+AW14 -> 507.6 | BB14: =IFERROR(AY14/(AZ14/31),0) -> 23.712696 | BC14: ALWAR | BD14: ALWAR | BE14: RJ-Jaipur | BF14: SUMIT KUMAR VERMA
... A89: 175393 | B89: RATNA TRADERS | C89: 900 | D89: 0 | E89: 0 | F89: =IFERROR(C89/(D89/30),0) -> 0 | G89: 0 | H89: 0 | I89: 0 | J89: =IFERROR(G89/(H89/31),0) -> 0 | K89: 0 | L89: 0 | M89: 0 | N89: =IFERROR(K89/(L89/30),0) -> 0 | O89: 0 | P89: 0 | Q89: 0 | R89: =IFERROR(O89/(P89/31),0) -> 0 | S89: 0 | T89: 0 | U89: 0 | V89: =IFERROR(S89/(T89/31),0) -> 0 | W89: 0 | X89: 0 | Y89: 0 | Z89: =IFERROR(W89/(X89/30),0) -> 0 | AA89: 0 | AB89: 0 | AC89: 0 | AD89: =IFERROR(AA89/(AB89/31),0) -> 0 | AE89: 0 | AF89: 0 | AG89: 0 | AH89: =IFERROR(AE89/(AF89/30),0) -> 0 | AI89: 0 | AJ89: 0 | AK89: 0 | AL89: =IFERROR(AI89/(AJ89/31),0) -> 0 | AM89: 0 | AN89: 0 | AO89: 0 | AP89: =IFERROR(AM89/(AN89/31),0) -> 0 | AQ89: 0 | AR89: 0 | AS89: 0 | AT89: =IFERROR(AQ89/(AR89/31),0) -> 0 | AU89: 0 | AV89: 0 | AW89: 0 | AX89: =IFERROR(AU89/(AV89/31),0) -> 0 | AY89: =C89+G89+K89+O89+S89+W89+AA89 -> 900 | AZ89: =D89+H89+L89+P89+T89+X89+AB89 -> 0 | BA89: =E89+I89+M89+Q89+U89+Y89+AC89+AG89+AK89+AO89+AS89+AW89 -> 0 | BB89: =IFERROR(AY89/(AZ89/31),0) -> 0 | BC89: ALWAR | BD89: ALWAR | BE89: RJ-Jaipur | BF89: VIPUL GARG
A90: 211350 | B90: KAMLESH CEMENT AGENCIES | C90: 0 | D90: 0 | E90: 0 | F90: =IFERROR(C90/(D90/30),0) -> 0 | G90: 0 | H90: 0 | I90: 0 | J90: =IFERROR(G90/(H90/31),0) -> 0 | K90: 0 | L90: 0 | M90: 0 | N90: =IFERROR(K90/(L90/30),0) -> 0 | O90: 0 | P90: 0 | Q90: 0 | R90: =IFERROR(O90/(P90/31),0) -> 0 | S90: 0 | T90: 0 | U90: 0 | V90: =IFERROR(S90/(T90/31),0) -> 0 | W90: 0 | X90: 0 | Y90: 0 | Z90: =IFERROR(W90/(X90/30),0) -> 0 | AA90: 0 | AB90: 0 | AC90: 0 | AD90: =IFERROR(AA90/(AB90/31),0) -> 0 | AE90: 0 | AF90: 0 | AG90: 0 | AH90: =IFERROR(AE90/(AF90/30),0) -> 0 | AI90: 0 | AJ90: 0 | AK90: 0 | AL90: =IFERROR(AI90/(AJ90/31),0) -> 0 | AM90: 0 | AN90: 0 | AO90: 0 | AP90: =IFERROR(AM90/(AN90/31),0) -> 0 | AQ90: -39320 | AR90: 856550 | AS90: 123.5 | AT90: =IFERROR(AQ90/(AR90/31),0) -> -1.4230576 | AU90: -73638.19 | AV90: 844000 | AW90: 118 | AX90: =IFERROR(AU90/(AV90/31),0) -> -2.7047202 | AY90: =C90+G90+K90+O90+S90+W90+AA90 -> 0 | AZ90: =D90+H90+L90+P90+T90+X90+AB90 -> 0 | BA90: =E90+I90+M90+Q90+U90+Y90+AC90+AG90+AK90+AO90+AS90+AW90 -> 241.5 | BB90: =IFERROR(AY90/(AZ90/31),0) -> 0 | BC90: ALWAR | BD90: ALWAR | BE90: RJ-JAIPUR
A91: 211449 | B91: B.K. CONSTRUCTION CO. | C91: 0 | D91: 0 | E91: 0 | F91: =IFERROR(C91/(D91/30),0) -> 0 | G91: 0 | H91: 0 | I91: 0 | J91: =IFERROR(G91/(H91/31),0) -> 0 | K91: 0 | L91: 0 | M91: 0 | N91: =IFERROR(K91/(L91/30),0) -> 0 | O91: 0 | P91: 0 | Q91: 0 | R91: =IFERROR(O91/(P91/31),0) -> 0 | S91: 0 | T91: 0 | U91: 0 | V91: =IFERROR(S91/(T91/31),0) -> 0 | W91: 0 | X91: 0 | Y91: 0 | Z91: =IFERROR(W91/(X91/30),0) -> 0 | AA91: 0 | AB91: 0 | AC91: 0 | AD91: =IFERROR(AA91/(AB91/31),0) -> 0 | AE91: 0 | AF91: 0 | AG91: 0 | AH91: =IFERROR(AE91/(AF91/30),0) -> 0 | AI91: 0 | AJ91: 0 | AK91: 0 | AL91: =IFERROR(AI91/(AJ91/31),0) -> 0 | AM91: 0 | AN91: 0 | AO91: 0 | AP91: =IFERROR(AM91/(AN91/31),0) -> 0 | AQ91: 368910 | AR91: 663050 | AS91: 96.5 | AT91: =IFERROR(AQ91/(AR91/31),0) -> 17.247885 | AU91: 176345.63 | AV91: 1895350 | AW91: 265 | AX91: =IFERROR(AU91/(AV91/31),0) -> 2.8842771 | AY91: =C91+G91+K91+O91+S91+W91+AA91 -> 0 | AZ91: =D91+H91+L91+P91+T91+X91+AB91 -> 0 | BA91: =E91+I91+M91+Q91+U91+Y91+AC91+AG91+AK91+AO91+AS91+AW91 -> 361.5 | BB91: =IFERROR(AY91/(AZ91/31),0) -> 0 | BC91: ALWAR | BD91: ALWAR | BE91: RJ-JAIPUR
A92: 119023 | B92: AGARWAL MACHINERY STORES | C92: 242536.67 | D92: 4192220 | E92: 608.5 | F92: =IFERROR(C92/(D92/30),0) -> 1.7356198 | G92: -16352.36 | H92: 4252715 | I92: 629 | J92: =IFERROR(G92/(H92/31),0) -> -0.11919989 | K92: -317222.86 | L92: 8645970 | M92: 1245 | N92: =IFERROR(K92/(L92/30),0) -> -1.1007077 | O92: 614264.13 | P92: 7659655 | Q92: 1107 | R92: =IFERROR(O92/(P92/31),0) -> 2.4860373 | S92: -349761.86 | T92: 2966500 | U92: 440 | V92: =IFERROR(S92/(T92/31),0) -> -3.6550203 | W92: -714607.39 | X92: 7707145 | Y92: 1135.5 | Z92: =IFERROR(W92/(X92/30),0) -> -2.7816035 | AA92: 79106.61 | AB92: 9051210 | AC92: 1264 | AD92: =IFERROR(AA92/(AB92/31),0) -> 0.27093669 | AE92: -93911.42 | AF92: 5590350 | AG92: 772.5 | AH92: =IFERROR(AE92/(AF92/30),0) -> -0.50396533 | AI92: -594306.43 | AJ92: 9184760 | AK92: 1275.5 | AL92: =IFERROR(AI92/(AJ92/31),0) -> -2.0058771 | AM92: 758045.56 | AN92: 6302100 | AO92: 882.5 | AP92: =IFERROR(AM92/(AN92/31),0) -> 3.7288225 | AQ92: 401936.59 | AR92: 9497866 | AS92: 1328.4 | AT92: =IFERROR(AQ92/(AR92/31),0) -> 1.3118772 | AU92: -947394.94 | AV92: 11646500 | AW92: 1601.5 | AX92: =IFERROR(AU92/(AV92/31),0) -> -2.5217227 | AY92: =C92+G92+K92+O92+S92+W92+AA92 -> -462037.06 | AZ92: =D92+H92+L92+P92+T92+X92+AB92 -> 44475415 | BA92: =E92+I92+M92+Q92+U92+Y92+AC92+AG92+AK92+AO92+AS92+AW92 -> 12289.4 | BB92: =IFERROR(AY92/(AZ92/31),0) -> -0.32204644 | BC92: BHARATPUR | BD92: ALWAR | BE92: RJ-Jaipur | BF92: MANISH AGARWAL
A93: 119047 | B93: BANSAL TRADING COMPANY | C93: 210182.63 | D93: 2991650 | E93: 420.5 | F93: =IFERROR(C93/(D93/30),0) -> 2.1076927 | G93: 16072.64 | H93: 3210300 | I93: 462 | J93: =IFERROR(G93/(H93/31),0) -> 0.15520414 | K93: -251732.85 | L93: 3883470 | M93: 546 | N93: =IFERROR(K93/(L93/30),0) -> -1.9446489 | O93: -83934.83 | P93: 4352209 | Q93: 602.3 | R93: =IFERROR(O93/(P93/31),0) -> -0.59785266 | S93: 83142.17 | T93: 3672205 | U93: 516 | V93: =IFERROR(S93/(T93/31),0) -> 0.70186911 | W93: -412454.33 | X93: 3260140 | Y93: 463 | Z93: =IFERROR(W93/(X93/30),0) -> -3.795429 | AA93: 255106.16 | AB93: 4851265 | AC93: 645.5 | AD93: =IFERROR(AA93/(AB93/31),0) -> 1.6301503 | AE93: -206982.86 | AF93: 3267355 | AG93: 433.5 | AH93: =IFERROR(AE93/(AF93/30),0) -> -1.9004625 | AI93: 39384.14 | AJ93: 2514925 | AK93: 348 | AL93: =IFERROR(AI93/(AJ93/31),0) -> 0.48546511 | AM93: -69654.85 | AN93: 3893575 | AO93: 541.5 | AP93: =IFERROR(AM93/(AN93/31),0) -> -0.55458039 | AQ93: 564443.18 | AR93: 3709475 | AS93: 505 | AT93: =IFERROR(AQ93/(AR93/31),0) -> 4.7170391 | AU93: -415940.54 | AV93: 4657525 | AW93: 633 | AX93: =IFERROR(AU93/(AV93/31),0) -> -2.7684568 | AY93: =C93+G93+K93+O93+S93+W93+AA93 -> -183618.41 | AZ93: =D93+H93+L93+P93+T93+X93+AB93 -> 26221239 | BA93: =E93+I93+M93+Q93+U93+Y93+AC93+AG93+AK93+AO93+AS93+AW93 -> 6116.3 | BB93: =IFERROR(AY93/(AZ93/31),0) -> -0.21708245 | BC93: BHARATPUR | BD93: ALWAR | BE93: RJ-Jaipur | BF93: MANISH AGARWAL
A94: 119349 | B94: NARESH BUILDING MATERIAL STORE | C94: 12971.13 | D94: 331750 | E94: 46.5 | F94: =IFERROR(C94/(D94/30),0) -> 1.1729733 | G94: -5433.87 | H94: 143500 | I94: 20.5 | J94: =IFERROR(G94/(H94/31),0) -> -1.1738674 | K94: -32001.37 | L94: 641850 | M94: 88.5 | N94: =IFERROR(K94/(L94/30),0) -> -1.4957406 | O94: -8656.37 | P94: 341640 | Q94: 46.5 | R94: =IFERROR(O94/(P94/31),0) -> -0.78546853 | S94: -3136.37 | T94: 287200 | U94: 40 | V94: =IFERROR(S94/(T94/31),0) -> -0.33853576 | W94: -28613.87 | X94: 453520 | Y94: 64 | Z94: =IFERROR(W94/(X94/30),0) -> -1.8927855 | AA94: -16528.87 | AB94: 155760 | AC94: 22 | AD94: =IFERROR(AA94/(AB94/31),0) -> -3.2896441 | AE94: -13848.87 | AF94: 160160 | AG94: 22 | AH94: =IFERROR(AE94/(AF94/30),0) -> -2.5940691 | AI94: -24058.87 | AJ94: 158400 | AK94: 22 | AL94: =IFERROR(AI94/(AJ94/31),0) -> -4.708491 | AM94: -11778.87 | AN94: 312400 | AO94: 44 | AP94: =IFERROR(AM94/(AN94/31),0) -> -1.1688379 | AQ94: -15073.87 | AR94: 151200 | AS94: 21 | AT94: =IFERROR(AQ94/(AR94/31),0) -> -3.0905421 | AU94: -33543.87 | AV94: 148800 | AW94: 21 | AX94: =IFERROR(AU94/(AV94/31),0) -> -6.9883063 | AY94: =C94+G94+K94+O94+S94+W94+AA94 -> -81399.59 | AZ94: =D94+H94+L94+P94+T94+X94+AB94 -> 2355220 | BA94: =E94+I94+M94+Q94+U94+Y94+AC94+AG94+AK94+AO94+AS94+AW94 -> 458 | BB94: =IFERROR(AY94/(AZ94/31),0) -> -1.0714019 | BC94: BHARATPUR | BD94: ALWAR | BE94: RJ-Jaipur | BF94: MANISH AGARWAL
A95: 119467 | B95: GURU KRIPA BUILDERS | C95: -2258.75 | D95: 156000 | E95: 22 | F95: =IFERROR(C95/(D95/30),0) -> -0.434375 | G95: -3338.75 | H95: 140900 | I95: 21 | J95: =IFERROR(G95/(H95/31),0) -> -0.73457239 | K95: 112077.5 | L95: 394097.5 | M95: 57.25 | N95: =IFERROR(K95/(L95/30),0) -> 8.5317085 | O95: 29977.5 | P95: 238700 | Q95: 35 | R95: =IFERROR(O95/(P95/31),0) -> 3.8931818 | S95: -3832.5 | T95: 380370 | U95: 57 | V95: =IFERROR(S95/(T95/31),0) -> -0.31234719 | W95: -25487.5 | X95: 392920 | Y95: 59 | Z95: =IFERROR(W95/(X95/30),0) -> -1.9460068 | AA95: -7707.48 | AB95: 266790 | AC95: 38 | AD95: =IFERROR(AA95/(AB95/31),0) -> -0.89558034 | AE95: -9032.48 | AF95: 220930 | AG95: 31 | AH95: =IFERROR(AE95/(AF95/30),0) -> -1.226517 | AI95: 52347.51 | AJ95: 353350 | AK95: 51 | AL95: =IFERROR(AI95/(AJ95/31),0) -> 4.5925366 | AM95: -802.49 | AN95: 34250 | AO95: 5 | AP95: =IFERROR(AM95/(AN95/31),0) -> -0.72634131 | AQ95: -5472.49 | AR95: 199150 | AS95: 29 | AT95: =IFERROR(AQ95/(AR95/31),0) -> -0.85185634 | AU95: -6667.49 | AV95: 187050 | AW95: 27 | AX95: =IFERROR(AU95/(AV95/31),0) -> -1.1050104 | AY95: =C95+G95+K95+O95+S95+W95+AA95 -> 99430.02 | AZ95: =D95+H95+L95+P95+T95+X95+AB95 -> 1969777.5 | BA95: =E95+I95+M95+Q95+U95+Y95+AC95+AG95+AK95+AO95+AS95+AW95 -> 432.25 | BB95: =IFERROR(AY95/(AZ95/31),0) -> 1.5648116 | BC95: BHARATPUR | BD95: ALWAR | BE95: RJ-Jaipur | BF95: MANISH AGARWAL
A96: 119523 | B96: MANISH BUILDING MATERIAL | C96: 50994.66 | D96: 307550 | E96: 44.5 | F96: =IFERROR(C96/(D96/30),0) -> 4.97428 | G96: -3582.34 | H96: 240775 | I96: 35.5 | J96: =IFERROR(G96/(H96/31),0) -> -0.46122953 | K96: -26807.83 | L96: 728400 | M96: 103.5 | N96: =IFERROR(K96/(L96/30),0) -> -1.1041116 | O96: -5663.83 | P96: 748070 | Q96: 105 | R96: =IFERROR(O96/(P96/31),0) -> -0.23470896 | S96: -27002.8 | T96: 502685 | U96: 72 | V96: =IFERROR(S96/(T96/31),0) -> -1.6652313 | W96: 87229.2 | X96: 701730 | Y96: 101 | Z96: =IFERROR(W96/(X96/30),0) -> 3.7291779 | AA96: -17669.79 | AB96: 613655 | AC96: 83.5 | AD96: =IFERROR(AA96/(AB96/31),0) -> -0.8926245 | AE96: 17178.21 | AF96: 483390 | AG96: 68 | AH96: =IFERROR(AE96/(AF96/30),0) -> 1.0661087 | AI96: -36193.81 | AJ96: 732190 | AK96: 100.5 | AL96: =IFERROR(AI96/(AJ96/31),0) -> -1.5324002 | AM96: 29061.19 | AN96: 487325 | AO96: 67.5 | AP96: =IFERROR(AM96/(AN96/31),0) -> 1.8486572 | AQ96: 10963.18 | AR96: 660887.5 | AS96: 91.25 | AT96: =IFERROR(AQ96/(AR96/31),0) -> 0.51424574 | AU96: -99752.99 | AV96: 809400 | AW96: 112 | AX96: =IFERROR(AU96/(AV96/31),0) -> -3.8205371 | AY96: =C96+G96+K96+O96+S96+W96+AA96 -> 57497.27 | AZ96: =D96+H96+L96+P96+T96+X96+AB96 -> 3842865 | BA96: =E96+I96+M96+Q96+U96+Y96+AC96+AG96+AK96+AO96+AS96+AW96 -> 984.25 | BB96: =IFERROR(AY96/(AZ96/31),0) -> 0.46382461 | BC96: BHARATPUR | BD96: ALWAR | BE96: RJ-Jaipur | BF96: MANISH AGARWAL
A97: 119615 | B97: CHAUDHARY CEMENT AGENCY | C97: -7560.06 | D97: 0 | E97: 0 | F97: =IFERROR(C97/(D97/30),0) -> 0 | G97: -7560.06 | H97: 0 | I97: 0 | J97: =IFERROR(G97/(H97/31),0) -> 0 | K97: -7560.06 | L97: 0 | M97: 0 | N97: =IFERROR(K97/(L97/30),0) -> 0 | O97: -7560.06 | P97: 0 | Q97: 0 | R97: =IFERROR(O97/(P97/31),0) -> 0 | S97: -7560.06 | T97: 0 | U97: 0 | V97: =IFERROR(S97/(T97/31),0) -> 0 | W97: -7560.06 | X97: 0 | Y97: 0 | Z97: =IFERROR(W97/(X97/30),0) -> 0 | AA97: -7560.06 | AB97: 0 | AC97: 0 | AD97: =IFERROR(AA97/(AB97/31),0) -> 0 | AE97: -7560.06 | AF97: 0 | AG97: 0 | AH97: =IFERROR(AE97/(AF97/30),0) -> 0 | AI97: -7560.06 | AJ97: 0 | AK97: 0 | AL97: =IFERROR(AI97/(AJ97/31),0) -> 0 | AM97: -7560.06 | AN97: 0 | AO97: 0 | AP97: =IFERROR(AM97/(AN97/31),0) -> 0 | AQ97: -7560.06 | AR97: 0 | AS97: 0 | AT97: =IFERROR(AQ97/(AR97/31),0) -> 0 | AU97: -7560.06 | AV97: 0 | AW97: 0 | AX97: =IFERROR(AU97/(AV97/31),0) -> 0 | AY97: =C97+G97+K97+O97+S97+W97+AA97 -> -52920.42 | AZ97: =D97+H97+L97+P97+T97+X97+AB97 -> 0 | BA97: =E97+I97+M97+Q97+U97+Y97+AC97+AG97+AK97+AO97+AS97+AW97 -> 0 | BB97: =IFERROR(AY97/(AZ97/31),0) -> 0 | BC97: BHARATPUR | BD97: ALWAR | BE97: RJ-Jaipur | BF97: MANISH AGARWAL
A98: 129599 | B98: Kuntal Building Material | C98: 356054.57 | D98: 1335735 | E98: 188.5 | F98: =IFERROR(C98/(D98/30),0) -> 7.9968235 | G98: 401274.58 | H98: 951625 | I98: 140 | J98: =IFERROR(G98/(H98/31),0) -> 13.071863 | K98: 465734.55 | L98: 1216190 | M98: 171.5 | N98: =IFERROR(K98/(L98/30),0) -> 11.488367 | O98: 330303.53 | P98: 853710 | Q98: 120 | R98: =IFERROR(O98/(P98/31),0) -> 11.994014 | S98: 335790.04 | T98: 854085 | U98: 119.5 | V98: =IFERROR(S98/(T98/31),0) -> 12.187887 | W98: 247727.52 | X98: 871220 | Y98: 124 | Z98: =IFERROR(W98/(X98/30),0) -> 8.5303662 | AA98: 432889.54 | AB98: 1161650 | AC98: 160 | AD98: =IFERROR(AA98/(AB98/31),0) -> 11.552168 | AE98: 253579.53 | AF98: 642795 | AG98: 86.5 | AH98: =IFERROR(AE98/(AF98/30),0) -> 11.834855 | AI98: 405520.55 | AJ98: 925619 | AK98: 127.7 | AL98: =IFERROR(AI98/(AJ98/31),0) -> 13.58133 | AM98: 437105.52 | AN98: 672375 | AO98: 95.5 | AP98: =IFERROR(AM98/(AN98/31),0) -> 20.152848 | AQ98: 512348.03 | AR98: 1199787.5 | AS98: 167.25 | AT98: =IFERROR(AQ98/(AR98/31),0) -> 13.238002 | AU98: 336426.22 | AV98: 966750 | AW98: 134 | AX98: =IFERROR(AU98/(AV98/31),0) -> 10.787911 | AY98: =C98+G98+K98+O98+S98+W98+AA98 -> 2569774.3 | AZ98: =D98+H98+L98+P98+T98+X98+AB98 -> 7244215 | BA98: =E98+I98+M98+Q98+U98+Y98+AC98+AG98+AK98+AO98+AS98+AW98 -> 1634.45 | BB98: =IFERROR(AY98/(AZ98/31),0) -> 10.996775 | BC98: BHARATPUR | BD98: ALWAR | BE98: RJ-Jaipur | BF98: MANISH AGARWAL
A99: 143531 | B99: JAIN KHAD BEEJ BHANDAR | C99: 254994.27 | D99: 948075 | E99: 137 | F99: =IFERROR(C99/(D99/30),0) -> 8.0688006 | G99: -39349.73 | H99: 1159825 | I99: 171.5 | J99: =IFERROR(G99/(H99/31),0) -> -1.0517463 | K99: -112911.24 | L99: 2223220 | M99: 318 | N99: =IFERROR(K99/(L99/30),0) -> -1.5236176 | O99: -14037.26 | P99: 773030 | Q99: 108.5 | R99: =IFERROR(O99/(P99/31),0) -> -0.56292131 | S99: -62555.26 | T99: 946505 | U99: 138.5 | V99: =IFERROR(S99/(T99/31),0) -> -2.0488144 | W99: -76564.76 | X99: 82875 | Y99: 12.5 | Z99: =IFERROR(W99/(X99/30),0) -> -27.71575 | AA99: -14383.76 | AB99: 468540 | AC99: 68 | AD99: =IFERROR(AA99/(AB99/31),0) -> -0.95167234 | AE99: -24499.76 | AF99: 594965 | AG99: 80.5 | AH99: =IFERROR(AE99/(AF99/30),0) -> -1.2353547 | AI99: -63329.76 | AJ99: 760790 | AK99: 108.5 | AL99: =IFERROR(AI99/(AJ99/31),0) -> -2.5805052 | AM99: -6225.76 | AN99: 1039925 | AO99: 150.5 | AP99: =IFERROR(AM99/(AN99/31),0) -> -0.18558892 | AQ99: -414035.76 | AR99: 722925 | AS99: 105.5 | AT99: =IFERROR(AQ99/(AR99/31),0) -> -17.754412 | AU99: -500321.76 | AV99: 419200 | AW99: 57 | AX99: =IFERROR(AU99/(AV99/31),0) -> -36.998985 | AY99: =C99+G99+K99+O99+S99+W99+AA99 -> -64807.74 | AZ99: =D99+H99+L99+P99+T99+X99+AB99 -> 6602070 | BA99: =E99+I99+M99+Q99+U99+Y99+AC99+AG99+AK99+AO99+AS99+AW99 -> 1456 | BB99: =IFERROR(AY99/(AZ99/31),0) -> -0.30430455 | BC99: BHARATPUR | BD99: ALWAR | BE99: RJ-Jaipur | BF99: MANISH AGARWAL
A100: 144996 | B100: SHASTRI BUILDING MATERIAL STORE | C100: 314327.98 | D100: 430250 | E100: 63 | F100: =IFERROR(C100/(D100/30),0) -> 21.917117 | G100: 331638.98 | H100: 369450 | I100: 55 | J100: =IFERROR(G100/(H100/31),0) -> 27.827334 | K100: 217368.98 | L100: 586660 | M100: 84 | N100: =IFERROR(K100/(L100/30),0) -> 11.115586 | O100: 339708.98 | P100: 670725 | Q100: 95.5 | R100: =IFERROR(O100/(P100/31),0) -> 15.700888 | S100: 128438.98 | T100: 392175 | U100: 57.5 | V100: =IFERROR(S100/(T100/31),0) -> 10.152632 | W100: 355953.98 | X100: 606680 | Y100: 86 | Z100: =IFERROR(W100/(X100/30),0) -> 17.601733 | AA100: 231713.98 | AB100: 325640 | AC100: 43 | AD100: =IFERROR(AA100/(AB100/31),0) -> 22.058511 | AE100: 388893.97 | AF100: 828160 | AG100: 112 | AH100: =IFERROR(AE100/(AF100/30),0) -> 14.087639 | AI100: 210393.97 | AJ100: 623160 | AK100: 84 | AL100: =IFERROR(AI100/(AJ100/31),0) -> 10.466354 | AM100: 257884.97 | AN100: 923760 | AO100: 127 | AP100: =IFERROR(AM100/(AN100/31),0) -> 8.6542328 | AQ100: 341299.97 | AR100: 1022775 | AS100: 138.5 | AT100: =IFERROR(AQ100/(AR100/31),0) -> 10.344699 | AU100: 344125.58 | AV100: 937200 | AW100: 126 | AX100: =IFERROR(AU100/(AV100/31),0) -> 11.382728 | AY100: =C100+G100+K100+O100+S100+W100+AA100 -> 1919151.9 | AZ100: =D100+H100+L100+P100+T100+X100+AB100 -> 3381580 | BA100: =E100+I100+M100+Q100+U100+Y100+AC100+AG100+AK100+AO100+AS100+AW100 -> 1071.5 | BB100: =IFERROR(AY100/(AZ100/31),0) -> 17.593464 | BC100: BHARATPUR | BD100: ALWAR | BE100: RJ-Jaipur | BF100: MANISH AGARWAL
A101: 147976 | B101: GAUTAM BUILDING MATERIAL | C101: -91619.38 | D101: 0 | E101: 0 | F101: =IFERROR(C101/(D101/30),0) -> 0 | G101: -91619.38 | H101: 0 | I101: 0 | J101: =IFERROR(G101/(H101/31),0) -> 0 | K101: -5253.38 | L101: 297140 | M101: 41.5 | N101: =IFERROR(K101/(L101/30),0) -> -0.53039443 | O101: -4193.38 | P101: 304220 | Q101: 41 | R101: =IFERROR(O101/(P101/31),0) -> -0.42730517 | S101: 67184.62 | T101: 108450 | U101: 15 | V101: =IFERROR(S101/(T101/31),0) -> 19.204456 | W101: -111969.88 | X101: 235975 | Y101: 32.5 | Z101: =IFERROR(W101/(X101/30),0) -> -14.234967 | AA101: -14968.88 | AB101: 535040 | AC101: 73 | AD101: =IFERROR(AA101/(AB101/31),0) -> -0.86729082 | AE101: -5621.88 | AF101: 159180 | AG101: 21 | AH101: =IFERROR(AE101/(AF101/30),0) -> -1.0595326 | AI101: -16613.88 | AJ101: 195650 | AK101: 26 | AL101: =IFERROR(AI101/(AJ101/31),0) -> -2.6324062 | AM101: -6043.88 | AN101: 155400 | AO101: 21 | AP101: =IFERROR(AM101/(AN101/31),0) -> -1.2056646 | AQ101: -15274.88 | AR101: 315000 | AS101: 42 | AT101: =IFERROR(AQ101/(AR101/31),0) -> -1.5032422 | AU101: -37787.88 | AV101: 306600 | AW101: 42 | AX101: =IFERROR(AU101/(AV101/31),0) -> -3.8206924 | AY101: =C101+G101+K101+O101+S101+W101+AA101 -> -252439.66 | AZ101: =D101+H101+L101+P101+T101+X101+AB101 -> 1480825 | BA101: =E101+I101+M101+Q101+U101+Y101+AC101+AG101+AK101+AO101+AS101+AW101 -> 355 | BB101: =IFERROR(AY101/(AZ101/31),0) -> -5.2846416 | BC101: BHARATPUR | BD101: ALWAR | BE101: RJ-Jaipur | BF101: MANISH AGARWAL
A102: 149589 | B102: VEDANT BUILDING MATERIAL SUPPLIERS | C102: -400.99 | D102: 74500 | E102: 10 | F102: =IFERROR(C102/(D102/30),0) -> -0.16147248 | G102: 64499.02 | H102: 351550 | I102: 51 | J102: =IFERROR(G102/(H102/31),0) -> 5.6875825 | K102: -7332.49 | L102: 259250 | M102: 37.5 | N102: =IFERROR(K102/(L102/30),0) -> -0.84850415 | O102: -2960.49 | P102: 255990 | Q102: 37 | R102: =IFERROR(O102/(P102/31),0) -> -0.35851084 | S102: -3140 | T102: 281302.5 | U102: 41.75 | V102: =IFERROR(S102/(T102/31),0) -> -0.34603318 | W102: -13336.26 | X102: 219075 | Y102: 32.5 | Z102: =IFERROR(W102/(X102/30),0) -> -1.8262595 | AA102: 29360 | AB102: 349607.5 | AC102: 50.25 | AD102: =IFERROR(AA102/(AB102/31),0) -> 2.6033766 | AE102: 18605 | AF102: 457757.5 | AG102: 62.75 | AH102: =IFERROR(AE102/(AF102/30),0) -> 1.2193137 | AI102: 95431.51 | AJ102: 1144235 | AK102: 163.5 | AL102: =IFERROR(AI102/(AJ102/31),0) -> 2.5854626 | AM102: -18473.48 | AN102: 804987.5 | AO102: 114.25 | AP102: =IFERROR(AM102/(AN102/31),0) -> -0.71141214 | AQ102: 69406.53 | AR102: 891925 | AS102: 125.5 | AT102: =IFERROR(AQ102/(AR102/31),0) -> 2.4123132 | AU102: -52582.85 | AV102: 1452450 | AW102: 200 | AX102: =IFERROR(AU102/(AV102/31),0) -> -1.1222888 | AY102: =C102+G102+K102+O102+S102+W102+AA102 -> 66688.79 | AZ102: =D102+H102+L102+P102+T102+X102+AB102 -> 1791275 | BA102: =E102+I102+M102+Q102+U102+Y102+AC102+AG102+AK102+AO102+AS102+AW102 -> 926 | BB102: =IFERROR(AY102/(AZ102/31),0) -> 1.1541235 | BC102: BHARATPUR | BD102: ALWAR | BE102: RJ-Jaipur | BF102: MANISH AGARWAL
A103: 170015 | B103: SONA BUILDING MATERIAL | C103: -1480.5 | D103: 156750 | E103: 22 | F103: =IFERROR(C103/(D103/30),0) -> -0.28334928 | G103: -6976.5 | H103: 327400 | I103: 47.5 | J103: =IFERROR(G103/(H103/31),0) -> -0.66057269 | K103: -6449 | L103: 175830 | M103: 24 | N103: =IFERROR(K103/(L103/30),0) -> -1.1003242 | O103: -2267 | P103: 209300 | Q103: 30 | R103: =IFERROR(O103/(P103/31),0) -> -0.33577162 | S103: 29477.99 | T103: 261077.5 | U103: 36.75 | V103: =IFERROR(S103/(T103/31),0) -> 3.5001779 | W103: -12741.76 | X103: 208100 | Y103: 30 | Z103: =IFERROR(W103/(X103/30),0) -> -1.8368707 | AA103: -12427.77 | AB103: 403900 | AC103: 55 | AD103: =IFERROR(AA103/(AB103/31),0) -> -0.95385212 | AE103: -8078.77 | AF103: 231730 | AG103: 31 | AH103: =IFERROR(AE103/(AF103/30),0) -> -1.0458857 | AI103: -31654.27 | AJ103: 412115 | AK103: 55.5 | AL103: =IFERROR(AI103/(AJ103/31),0) -> -2.3810887 | AM103: 79826.73 | AN103: 387750 | AO103: 54 | AP103: =IFERROR(AM103/(AN103/31),0) -> 6.382021 | AQ103: -13485.27 | AR103: 262700 | AS103: 36 | AT103: =IFERROR(AQ103/(AR103/31),0) -> -1.5913337 | AU103: 8214.47 | AV103: 503400 | AW103: 69 | AX103: =IFERROR(AU103/(AV103/31),0) -> 0.50585731 | AY103: =C103+G103+K103+O103+S103+W103+AA103 -> -12864.54 | AZ103: =D103+H103+L103+P103+T103+X103+AB103 -> 1742357.5 | BA103: =E103+I103+M103+Q103+U103+Y103+AC103+AG103+AK103+AO103+AS103+AW103 -> 490.75 | BB103: =IFERROR(AY103/(AZ103/31),0) -> -0.22888571 | BC103: BHARATPUR | BD103: ALWAR | BE103: RJ-Jaipur | BF103: MANISH AGARWAL
... A136: 201063 | B136: SHREE GEE CONSTRUCTION | C136: -348359 | D136: 0 | E136: 0 | F136: =IFERROR(C136/(D136/30),0) -> 0 | G136: -348359 | H136: 0 | I136: 0 | J136: =IFERROR(G136/(H136/31),0) -> 0 | K136: -348359 | L136: 0 | M136: 0 | N136: =IFERROR(K136/(L136/30),0) -> 0 | O136: -348359 | P136: 0 | Q136: 0 | R136: =IFERROR(O136/(P136/31),0) -> 0 | S136: 0 | T136: 0 | U136: 0 | V136: =IFERROR(S136/(T136/31),0) -> 0 | W136: 0 | X136: 0 | Y136: 0 | Z136: =IFERROR(W136/(X136/30),0) -> 0 | AA136: 0 | AB136: 0 | AC136: 0 | AD136: =IFERROR(AA136/(AB136/31),0) -> 0 | AE136: 0 | AF136: 0 | AG136: 0 | AH136: =IFERROR(AE136/(AF136/30),0) -> 0 | AI136: 0 | AJ136: 0 | AK136: 0 | AL136: =IFERROR(AI136/(AJ136/31),0) -> 0 | AM136: 0 | AN136: 0 | AO136: 0 | AP136: =IFERROR(AM136/(AN136/31),0) -> 0 | AQ136: 0 | AR136: 0 | AS136: 0 | AT136: =IFERROR(AQ136/(AR136/31),0) -> 0 | AU136: 0 | AV136: 0 | AW136: 0 | AX136: =IFERROR(AU136/(AV136/31),0) -> 0 | AY136: =C136+G136+K136+O136+S136+W136+AA136 -> -1393436 | AZ136: =D136+H136+L136+P136+T136+X136+AB136 -> 0 | BA136: =E136+I136+M136+Q136+U136+Y136+AC136+AG136+AK136+AO136+AS136+AW136 -> 0 | BB136: =IFERROR(AY136/(AZ136/31),0) -> 0 | BC136: BHARATPUR | BD136: ALWAR | BE136: RJ-Jaipur | BF136: MANISH AGARWAL
A137: 211134 | B137: BEEKAR KHAD BEEJ BHANDAR LAKHANPUR | C137: 0 | D137: 0 | E137: 0 | F137: =IFERROR(C137/(D137/30),0) -> 0 | G137: 0 | H137: 0 | I137: 0 | J137: =IFERROR(G137/(H137/31),0) -> 0 | K137: 0 | L137: 0 | M137: 0 | N137: =IFERROR(K137/(L137/30),0) -> 0 | O137: 0 | P137: 0 | Q137: 0 | R137: =IFERROR(O137/(P137/31),0) -> 0 | S137: 0 | T137: 0 | U137: 0 | V137: =IFERROR(S137/(T137/31),0) -> 0 | W137: 0 | X137: 0 | Y137: 0 | Z137: =IFERROR(W137/(X137/30),0) -> 0 | AA137: 0 | AB137: 0 | AC137: 0 | AD137: =IFERROR(AA137/(AB137/31),0) -> 0 | AE137: 0 | AF137: 0 | AG137: 0 | AH137: =IFERROR(AE137/(AF137/30),0) -> 0 | AI137: 0 | AJ137: 0 | AK137: 0 | AL137: =IFERROR(AI137/(AJ137/31),0) -> 0 | AM137: 0 | AN137: 0 | AO137: 0 | AP137: =IFERROR(AM137/(AN137/31),0) -> 0 | AQ137: 23750 | AR137: 90625 | AS137: 12.5 | AT137: =IFERROR(AQ137/(AR137/31),0) -> 8.1241379 | AU137: -3750 | AV137: 180250 | AW137: 25 | AX137: =IFERROR(AU137/(AV137/31),0) -> -0.64493759 | AY137: =C137+G137+K137+O137+S137+W137+AA137 -> 0 | AZ137: =D137+H137+L137+P137+T137+X137+AB137 -> 0 | BA137: =E137+I137+M137+Q137+U137+Y137+AC137+AG137+AK137+AO137+AS137+AW137 -> 37.5 | BB137: =IFERROR(AY137/(AZ137/31),0) -> 0 | BC137: BHARATPUR | BD137: ALWAR | BE137: RJ-JAIPUR
A138: 119074 | B138: LAVANIA CEMENT SaleS CORPORATION | C138: -10123.8 | D138: 460285 | E138: 70.5 | F138: =IFERROR(C138/(D138/30),0) -> -0.65983901 | G138: 52986.19 | H138: 331220 | I138: 52 | J138: =IFERROR(G138/(H138/31),0) -> 4.9591567 | K138: 675596.21 | L138: 1293295 | M138: 191.5 | N138: =IFERROR(K138/(L138/30),0) -> 15.671511 | O138: 298971.21 | P138: 0 | Q138: 0 | R138: =IFERROR(O138/(P138/31),0) -> 0 | S138: 30571.21 | T138: 340367.5 | U138: 50.75 | V138: =IFERROR(S138/(T138/31),0) -> 2.7843655 | W138: -35232.53 | X138: 116880 | Y138: 17 | Z138: =IFERROR(W138/(X138/30),0) -> -9.0432572 | AA138: 264857.47 | AB138: 421080 | AC138: 62 | AD138: =IFERROR(AA138/(AB138/31),0) -> 19.498864 | AE138: 13157.47 | AF138: 13780 | AG138: 2 | AH138: =IFERROR(AE138/(AF138/30),0) -> 28.64471 | AI138: -13617.53 | AJ138: 103610 | AK138: 14 | AL138: =IFERROR(AI138/(AJ138/31),0) -> -4.0743503 | AM138: 390077.49 | AN138: 683290 | AO138: 101 | AP138: =IFERROR(AM138/(AN138/31),0) -> 17.697321 | AQ138: 457657.5 | AR138: 385045 | AS138: 55.5 | AT138: =IFERROR(AQ138/(AR138/31),0) -> 36.846037 | AU138: 338255 | AV138: 376390 | AW138: 51 | AX138: =IFERROR(AU138/(AV138/31),0) -> 27.859149 | AY138: =C138+G138+K138+O138+S138+W138+AA138 -> 1277626 | AZ138: =D138+H138+L138+P138+T138+X138+AB138 -> 2963127.5 | BA138: =E138+I138+M138+Q138+U138+Y138+AC138+AG138+AK138+AO138+AS138+AW138 -> 667.25 | BB138: =IFERROR(AY138/(AZ138/31),0) -> 13.366419 | BC138: DHOLPUR | BD138: ALWAR | BE138: RJ-Jaipur | BF138: KRISHNA GAVHANE
A139: 146791 | B139: OM SAI CONSTRUCTION | C139: 498759.01 | D139: 235200 | E139: 35 | F139: =IFERROR(C139/(D139/30),0) -> 63.617221 | G139: 490099.01 | H139: 269640 | I139: 42 | J139: =IFERROR(G139/(H139/31),0) -> 56.345755 | K139: 286634.01 | L139: 0 | M139: 0 | N139: =IFERROR(K139/(L139/30),0) -> 0 | O139: 266954.01 | P139: 274680 | Q139: 42 | R139: =IFERROR(O139/(P139/31),0) -> 30.128056 | S139: 258054.01 | T139: 270480 | U139: 42 | V139: =IFERROR(S139/(T139/31),0) -> 29.575844 | W139: -8925.99 | X139: 0 | Y139: 0 | Z139: =IFERROR(W139/(X139/30),0) -> 0 | AA139: 292874.01 | AB139: 310620 | AC139: 48 | AD139: =IFERROR(AA139/(AB139/31),0) -> 29.228943 | AE139: 292874.01 | AF139: 0 | AG139: 0 | AH139: =IFERROR(AE139/(AF139/30),0) -> 0 | AI139: 192874.01 | AJ139: 0 | AK139: 0 | AL139: =IFERROR(AI139/(AJ139/31),0) -> 0 | AM139: -125.99 | AN139: 0 | AO139: 0 | AP139: =IFERROR(AM139/(AN139/31),0) -> 0 | AQ139: 271194.01 | AR139: 295680 | AS139: 42 | AT139: =IFERROR(AQ139/(AR139/31),0) -> 28.432814 | AU139: 351601.51 | AV139: 390555 | AW139: 54.5 | AX139: =IFERROR(AU139/(AV139/31),0) -> 27.908097 | AY139: =C139+G139+K139+O139+S139+W139+AA139 -> 2084448.1 | AZ139: =D139+H139+L139+P139+T139+X139+AB139 -> 1360620 | BA139: =E139+I139+M139+Q139+U139+Y139+AC139+AG139+AK139+AO139+AS139+AW139 -> 305.5 | BB139: =IFERROR(AY139/(AZ139/31),0) -> 47.491504 | BC139: DHOLPUR | BD139: ALWAR | BE139: RJ-Jaipur | BF139: KRISHNA GAVHANE
A140: 149403 | B140: VINAYAK BUILDING MATERIAL | C140: 151894.2 | D140: 326000 | E140: 50 | F140: =IFERROR(C140/(D140/30),0) -> 13.977994 | G140: -3855.8 | H140: 0 | I140: 0 | J140: =IFERROR(G140/(H140/31),0) -> 0 | K140: -13360.8 | L140: 448810 | M140: 67 | N140: =IFERROR(K140/(L140/30),0) -> -0.8930817 | O140: -23925.8 | P140: 280560 | Q140: 42 | R140: =IFERROR(O140/(P140/31),0) -> -2.6436406 | S140: -27325.8 | T140: 270480 | U140: 42 | V140: =IFERROR(S140/(T140/31),0) -> -3.131839 | W140: -14678.3 | X140: 267260 | Y140: 41.5 | Z140: =IFERROR(W140/(X140/30),0) -> -1.6476427 | AA140: -22128.29 | AB140: 569900 | AC140: 85 | AD140: =IFERROR(AA140/(AB140/31),0) -> -1.2036796 | AE140: -17328.29 | AF140: 13780 | AG140: 2 | AH140: =IFERROR(AE140/(AF140/30),0) -> -37.724869 | AI140: -25593.29 | AJ140: 0 | AK140: 0 | AL140: =IFERROR(AI140/(AJ140/31),0) -> 0 | AM140: -25593.29 | AN140: 0 | AO140: 0 | AP140: =IFERROR(AM140/(AN140/31),0) -> 0 | AQ140: -25593.29 | AR140: 0 | AS140: 0 | AT140: =IFERROR(AQ140/(AR140/31),0) -> 0 | AU140: -25593.29 | AV140: 0 | AW140: 0 | AX140: =IFERROR(AU140/(AV140/31),0) -> 0 | AY140: =C140+G140+K140+O140+S140+W140+AA140 -> 46619.41 | AZ140: =D140+H140+L140+P140+T140+X140+AB140 -> 2163010 | BA140: =E140+I140+M140+Q140+U140+Y140+AC140+AG140+AK140+AO140+AS140+AW140 -> 329.5 | BB140: =IFERROR(AY140/(AZ140/31),0) -> 0.66814379 | BC140: DHOLPUR | BD140: ALWAR | BE140: RJ-Jaipur | BF140: KRISHNA GAVHANE
A141: 174713 | B141: KANHA BUILDING MATERIAL | C141: 234081.39 | D141: 0 | E141: 0 | F141: =IFERROR(C141/(D141/30),0) -> 0 | G141: 261561.39 | H141: 272440 | I141: 41.5 | J141: =IFERROR(G141/(H141/31),0) -> 29.762161 | K141: 314383.89 | L141: 376845 | M141: 54 | N141: =IFERROR(K141/(L141/30),0) -> 25.027576 | O141: 123448.89 | P141: 91275 | Q141: 12.5 | R141: =IFERROR(O141/(P141/31),0) -> 41.927314 | S141: 171368.89 | T141: 285680 | U141: 42 | V141: =IFERROR(S141/(T141/31),0) -> 18.595756 | W141: 180028.89 | X141: 278010 | Y141: 41.5 | Z141: =IFERROR(W141/(X141/30),0) -> 19.426879 | AA141: 245588.89 | AB141: 276480 | AC141: 42 | AD141: =IFERROR(AA141/(AB141/31),0) -> 27.53637 | AE141: 186608.89 | AF141: 301810 | AG141: 41.5 | AH141: =IFERROR(AE141/(AF141/30),0) -> 18.548977 | AI141: 438903.9 | AJ141: 698935 | AK141: 101.5 | AL141: =IFERROR(AI141/(AJ141/31),0) -> 19.46679 | AM141: 448103.9 | AN141: 279040 | AO141: 41 | AP141: =IFERROR(AM141/(AN141/31),0) -> 49.782185 | AQ141: 349903.9 | AR141: 326800 | AS141: 45 | AT141: =IFERROR(AQ141/(AR141/31),0) -> 33.191618 | AU141: 445403.9 | AV141: 708500 | AW141: 100 | AX141: =IFERROR(AU141/(AV141/31),0) -> 19.488385 | AY141: =C141+G141+K141+O141+S141+W141+AA141 -> 1530462.2 | AZ141: =D141+H141+L141+P141+T141+X141+AB141 -> 1580730 | BA141: =E141+I141+M141+Q141+U141+Y141+AC141+AG141+AK141+AO141+AS141+AW141 -> 562.5 | BB141: =IFERROR(AY141/(AZ141/31),0) -> 30.014189 | BC141: DHOLPUR | BD141: ALWAR | BE141: RJ-Jaipur | BF141: KRISHNA GAVHANE
A142: 175313 | B142: JAI BHAGIRATH BABA | C142: 52285.35 | D142: 0 | E142: 0 | F142: =IFERROR(C142/(D142/30),0) -> 0 | G142: 52285.35 | H142: 0 | I142: 0 | J142: =IFERROR(G142/(H142/31),0) -> 0 | K142: 52285.35 | L142: 0 | M142: 0 | N142: =IFERROR(K142/(L142/30),0) -> 0 | O142: 52285.35 | P142: 0 | Q142: 0 | R142: =IFERROR(O142/(P142/31),0) -> 0 | S142: 52285.35 | T142: 0 | U142: 0 | V142: =IFERROR(S142/(T142/31),0) -> 0 | W142: 52285.35 | X142: 0 | Y142: 0 | Z142: =IFERROR(W142/(X142/30),0) -> 0 | AA142: 52285.35 | AB142: 0 | AC142: 0 | AD142: =IFERROR(AA142/(AB142/31),0) -> 0 | AE142: 52285.35 | AF142: 0 | AG142: 0 | AH142: =IFERROR(AE142/(AF142/30),0) -> 0 | AI142: 52285.35 | AJ142: 0 | AK142: 0 | AL142: =IFERROR(AI142/(AJ142/31),0) -> 0 | AM142: -89262.93 | AN142: 0 | AO142: 0 | AP142: =IFERROR(AM142/(AN142/31),0) -> 0 | AQ142: -89262.93 | AR142: 0 | AS142: 0 | AT142: =IFERROR(AQ142/(AR142/31),0) -> 0 | AU142: -89262.93 | AV142: 0 | AW142: 0 | AX142: =IFERROR(AU142/(AV142/31),0) -> 0 | AY142: =C142+G142+K142+O142+S142+W142+AA142 -> 365997.45 | AZ142: =D142+H142+L142+P142+T142+X142+AB142 -> 0 | BA142: =E142+I142+M142+Q142+U142+Y142+AC142+AG142+AK142+AO142+AS142+AW142 -> 0 | BB142: =IFERROR(AY142/(AZ142/31),0) -> 0 | BC142: DHOLPUR | BD142: ALWAR | BE142: RJ-Jaipur | BF142: KRISHNA GAVHANE
A143: 179892 | B143: MADHAV ENTERPRISES | C143: -32646.46 | D143: 0 | E143: 0 | F143: =IFERROR(C143/(D143/30),0) -> 0 | G143: -32646.46 | H143: 0 | I143: 0 | J143: =IFERROR(G143/(H143/31),0) -> 0 | K143: -32646.46 | L143: 0 | M143: 0 | N143: =IFERROR(K143/(L143/30),0) -> 0 | O143: 323858.55 | P143: 672590 | Q143: 101 | R143: =IFERROR(O143/(P143/31),0) -> 14.926798 | S143: -11486.45 | T143: 6490 | U143: 1 | V143: =IFERROR(S143/(T143/31),0) -> -54.86594 | W143: 299018.55 | X143: 330990 | Y143: 51 | Z143: =IFERROR(W143/(X143/30),0) -> 27.102198 | AA143: 134068.55 | AB143: 35950 | AC143: 5 | AD143: =IFERROR(AA143/(AB143/31),0) -> 115.60849 | AE143: 96993.55 | AF143: 86125 | AG143: 12.5 | AH143: =IFERROR(AE143/(AF143/30),0) -> 33.785852 | AI143: -7786.45 | AJ143: 0 | AK143: 0 | AL143: =IFERROR(AI143/(AJ143/31),0) -> 0 | AM143: -21077.36 | AN143: 378500 | AO143: 55 | AP143: =IFERROR(AM143/(AN143/31),0) -> -1.7262831 | AQ143: 383687.64 | AR143: 682380 | AS143: 102 | AT143: =IFERROR(AQ143/(AR143/31),0) -> 17.430635 | AU143: 279517.64 | AV143: 705890 | AW143: 101 | AX143: =IFERROR(AU143/(AV143/31),0) -> 12.27535 | AY143: =C143+G143+K143+O143+S143+W143+AA143 -> 647519.82 | AZ143: =D143+H143+L143+P143+T143+X143+AB143 -> 1046020 | BA143: =E143+I143+M143+Q143+U143+Y143+AC143+AG143+AK143+AO143+AS143+AW143 -> 428.5 | BB143: =IFERROR(AY143/(AZ143/31),0) -> 19.189991 | BC143: DHOLPUR | BD143: ALWAR | BE143: RJ-Jaipur | BF143: KRISHNA GAVHANE
A144: 179894 | B144: SHARMA CEMENT AGENCY | C144: 671667.49 | D144: 1466955 | E144: 221.5 | F144: =IFERROR(C144/(D144/30),0) -> 13.735953 | G144: 873402.49 | H144: 1540365 | I144: 240.5 | J144: =IFERROR(G144/(H144/31),0) -> 17.577313 | K144: 1469875 | L144: 1905195 | M144: 281.5 | N144: =IFERROR(K144/(L144/30),0) -> 23.145268 | O144: 2381730.5 | P144: 2734255 | Q144: 404.5 | R144: =IFERROR(O144/(P144/31),0) -> 27.003204 | S144: 2688315.5 | T144: 2102545 | U144: 320.5 | V144: =IFERROR(S144/(T144/31),0) -> 39.636621 | W144: 2789929.5 | X144: 2183895 | Y144: 335.5 | Z144: =IFERROR(W144/(X144/30),0) -> 38.325051 | AA144: 2329663.6 | AB144: 1921928 | AC144: 271.2 | AD144: =IFERROR(AA144/(AB144/31),0) -> 37.576626 | AE144: 2886286.6 | AF144: 1382400 | AG144: 200 | AH144: =IFERROR(AE144/(AF144/30),0) -> 62.636427 | AI144: 2763697.1 | AJ144: 3037115 | AK144: 441.5 | AL144: =IFERROR(AI144/(AJ144/31),0) -> 28.209209 | AM144: 1814590.1 | AN144: 1211895 | AO144: 180.5 | AP144: =IFERROR(AM144/(AN144/31),0) -> 46.416806 | AQ144: 2307563.1 | AR144: 2757105 | AS144: 404.5 | AT144: =IFERROR(AQ144/(AR144/31),0) -> 25.945496 | AU144: 2480955.1 | AV144: 6318957.5 | AW144: 891.75 | AX144: =IFERROR(AU144/(AV144/31),0) -> 12.171249 | AY144: =C144+G144+K144+O144+S144+W144+AA144 -> 13204584 | AZ144: =D144+H144+L144+P144+T144+X144+AB144 -> 13855138 | BA144: =E144+I144+M144+Q144+U144+Y144+AC144+AG144+AK144+AO144+AS144+AW144 -> 4193.45 | BB144: =IFERROR(AY144/(AZ144/31),0) -> 29.544427 | BC144: DHOLPUR | BD144: ALWAR | BE144: RJ-Jaipur | BF144: KRISHNA GAVHANE
A145: 201143 | B145: RADHEY SHYAM CEMENT AGENCY | C145: -479.45 | D145: 0 | E145: 0 | F145: =IFERROR(C145/(D145/30),0) -> 0 | G145: -479.45 | H145: 0 | I145: 0 | J145: =IFERROR(G145/(H145/31),0) -> 0 | K145: -479.45 | L145: 0 | M145: 0 | N145: =IFERROR(K145/(L145/30),0) -> 0 | O145: -479.45 | P145: 0 | Q145: 0 | R145: =IFERROR(O145/(P145/31),0) -> 0 | S145: -479.45 | T145: 0 | U145: 0 | V145: =IFERROR(S145/(T145/31),0) -> 0 | W145: -479.45 | X145: 0 | Y145: 0 | Z145: =IFERROR(W145/(X145/30),0) -> 0 | AA145: 166520.55 | AB145: 172250 | AC145: 25 | AD145: =IFERROR(AA145/(AB145/31),0) -> 29.968865 | AE145: 166520.55 | AF145: 0 | AG145: 0 | AH145: =IFERROR(AE145/(AF145/30),0) -> 0 | AI145: 116520.55 | AJ145: 0 | AK145: 0 | AL145: =IFERROR(AI145/(AJ145/31),0) -> 0 | AM145: 116520.55 | AN145: 0 | AO145: 0 | AP145: =IFERROR(AM145/(AN145/31),0) -> 0 | AQ145: 96520.55 | AR145: 0 | AS145: 0 | AT145: =IFERROR(AQ145/(AR145/31),0) -> 0 | AU145: 0 | AV145: 0 | AW145: 0 | AX145: =IFERROR(AU145/(AV145/31),0) -> 0 | AY145: =C145+G145+K145+O145+S145+W145+AA145 -> 163643.85 | AZ145: =D145+H145+L145+P145+T145+X145+AB145 -> 172250 | BA145: =E145+I145+M145+Q145+U145+Y145+AC145+AG145+AK145+AO145+AS145+AW145 -> 25 | BB145: =IFERROR(AY145/(AZ145/31),0) -> 29.451143 | BC145: DHOLPUR | BD145: ALWAR | BE145: RJ-Jaipur | BF145: KRISHNA GAVHANE
A146: 201144 | B146: SHANKAR BUILDING MATERIAL | C146: -17719.57 | D146: 0 | E146: 0 | F146: =IFERROR(C146/(D146/30),0) -> 0 | G146: -17719.57 | H146: 0 | I146: 0 | J146: =IFERROR(G146/(H146/31),0) -> 0 | K146: -17719.57 | L146: 0 | M146: 0 | N146: =IFERROR(K146/(L146/30),0) -> 0 | O146: -17719.57 | P146: 0 | Q146: 0 | R146: =IFERROR(O146/(P146/31),0) -> 0 | S146: -17719.57 | T146: 0 | U146: 0 | V146: =IFERROR(S146/(T146/31),0) -> 0 | W146: -17719.57 | X146: 0 | Y146: 0 | Z146: =IFERROR(W146/(X146/30),0) -> 0 | AA146: -17719.57 | AB146: 0 | AC146: 0 | AD146: =IFERROR(AA146/(AB146/31),0) -> 0 | AE146: -17719.57 | AF146: 0 | AG146: 0 | AH146: =IFERROR(AE146/(AF146/30),0) -> 0 | AI146: -17719.57 | AJ146: 0 | AK146: 0 | AL146: =IFERROR(AI146/(AJ146/31),0) -> 0 | AM146: -17719.57 | AN146: 0 | AO146: 0 | AP146: =IFERROR(AM146/(AN146/31),0) -> 0 | AQ146: -17719.57 | AR146: 0 | AS146: 0 | AT146: =IFERROR(AQ146/(AR146/31),0) -> 0 | AU146: -17719.57 | AV146: 0 | AW146: 0 | AX146: =IFERROR(AU146/(AV146/31),0) -> 0 | AY146: =C146+G146+K146+O146+S146+W146+AA146 -> -124036.99 | AZ146: =D146+H146+L146+P146+T146+X146+AB146 -> 0 | BA146: =E146+I146+M146+Q146+U146+Y146+AC146+AG146+AK146+AO146+AS146+AW146 -> 0 | BB146: =IFERROR(AY146/(AZ146/31),0) -> 0 | BC146: DHOLPUR | BD146: ALWAR | BE146: RJ-Jaipur | BF146: KRISHNA GAVHANE
A147: 202758 | B147: B M TRADING & CONSTRUCTION COMPANY | C147: 101756.32 | D147: 306340 | E147: 42 | F147: =IFERROR(C147/(D147/30),0) -> 9.9650375 | G147: -643.68 | H147: 0 | I147: 0 | J147: =IFERROR(G147/(H147/31),0) -> 0 | K147: 602991.32 | L147: 1100560 | M147: 167 | N147: =IFERROR(K147/(L147/30),0) -> 16.43685 | O147: 623018.81 | P147: 1026460 | Q147: 150.5 | R147: =IFERROR(O147/(P147/31),0) -> 18.815719 | S147: 509158.82 | T147: 679190 | U147: 101 | V147: =IFERROR(S147/(T147/31),0) -> 23.239334 | W147: 505283.81 | X147: 723745 | Y147: 110.5 | Z147: =IFERROR(W147/(X147/30),0) -> 20.944551 | AA147: 532763.81 | AB147: 552480 | AC147: 82 | AD147: =IFERROR(AA147/(AB147/31),0) -> 29.893712 | AE147: 532808.81 | AF147: 299880 | AG147: 42 | AH147: =IFERROR(AE147/(AF147/30),0) -> 53.302202 | AI147: 425434.81 | AJ147: 777480 | AK147: 115 | AL147: =IFERROR(AI147/(AJ147/31),0) -> 16.96311 | AM147: 293516.81 | AN147: 308300 | AO147: 45 | AP147: =IFERROR(AM147/(AN147/31),0) -> 29.513529 | AQ147: 473161.81 | AR147: 429860 | AS147: 64 | AT147: =IFERROR(AQ147/(AR147/31),0) -> 34.122775 | AU147: 442144.3 | AV147: 979765 | AW147: 138.5 | AX147: =IFERROR(AU147/(AV147/31),0) -> 13.989552 | AY147: =C147+G147+K147+O147+S147+W147+AA147 -> 2874329.2 | AZ147: =D147+H147+L147+P147+T147+X147+AB147 -> 4388775 | BA147: =E147+I147+M147+Q147+U147+Y147+AC147+AG147+AK147+AO147+AS147+AW147 -> 1057.5 | BB147: =IFERROR(AY147/(AZ147/31),0) -> 20.302751 | BC147: DHOLPUR | BD147: ALWAR | BE147: RJ-Jaipur | BF147: KRISHNA GAVHANE
A148: 202849 | B148: AKHLESH TRADING COMPANY | C148: -29076.46 | D148: 0 | E148: 0 | F148: =IFERROR(C148/(D148/30),0) -> 0 | G148: -29076.46 | H148: 0 | I148: 0 | J148: =IFERROR(G148/(H148/31),0) -> 0 | K148: -29076.46 | L148: 0 | M148: 0 | N148: =IFERROR(K148/(L148/30),0) -> 0 | O148: -29076.46 | P148: 0 | Q148: 0 | R148: =IFERROR(O148/(P148/31),0) -> 0 | S148: -29076.46 | T148: 0 | U148: 0 | V148: =IFERROR(S148/(T148/31),0) -> 0 | W148: -29076.46 | X148: 0 | Y148: 0 | Z148: =IFERROR(W148/(X148/30),0) -> 0 | AA148: -10060.46 | AB148: 360355 | AC148: 54.5 | AD148: =IFERROR(AA148/(AB148/31),0) -> -0.86546395 | AE148: 79925.05 | AF148: 716890 | AG148: 101 | AH148: =IFERROR(AE148/(AF148/30),0) -> 3.3446575 | AI148: -19052.44 | AJ148: 232180 | AK148: 34 | AL148: =IFERROR(AI148/(AJ148/31),0) -> -2.5438265 | AM148: -14822.44 | AN148: 217800 | AO148: 33 | AP148: =IFERROR(AM148/(AN148/31),0) -> -2.1097137 | AQ148: -13662.44 | AR148: 345780 | AS148: 52 | AT148: =IFERROR(AQ148/(AR148/31),0) -> -1.2248703 | AU148: -62667.44 | AV148: 574480 | AW148: 82 | AX148: =IFERROR(AU148/(AV148/31),0) -> -3.3816506 | AY148: =C148+G148+K148+O148+S148+W148+AA148 -> -184519.22 | AZ148: =D148+H148+L148+P148+T148+X148+AB148 -> 360355 | BA148: =E148+I148+M148+Q148+U148+Y148+AC148+AG148+AK148+AO148+AS148+AW148 -> 356.5 | BB148: =IFERROR(AY148/(AZ148/31),0) -> -15.873502 | BC148: DHOLPUR | BD148: ALWAR | BE148: RJ-Jaipur | BF148: KRISHNA GAVHANE
A149: 202947 | B149: SHRI LAXMI MOTORS | C149: 304769.99 | D149: 270580 | E149: 41.5 | F149: =IFERROR(C149/(D149/30),0) -> 33.790745 | G149: 264769.99 | H149: 0 | I149: 0 | J149: =IFERROR(G149/(H149/31),0) -> 0 | K149: 83144.99 | L149: 84125 | M149: 12.5 | N149: =IFERROR(K149/(L149/30),0) -> 29.650516 | O149: 163894.99 | P149: 168250 | Q149: 25 | R149: =IFERROR(O149/(P149/31),0) -> 30.197591 | S149: 16894.99 | T149: 0 | U149: 0 | V149: =IFERROR(S149/(T149/31),0) -> 0 | W149: -895.01 | X149: 82375 | Y149: 12.5 | Z149: =IFERROR(W149/(X149/30),0) -> -0.32595205 | AA149: 42292.49 | AB149: 44937.5 | AC149: 6.25 | AD149: =IFERROR(AA149/(AB149/31),0) -> 29.175348 | AE149: -57.51 | AF149: 0 | AG149: 0 | AH149: =IFERROR(AE149/(AF149/30),0) -> 0 | AI149: -2557.51 | AJ149: 0 | AK149: 0 | AL149: =IFERROR(AI149/(AJ149/31),0) -> 0 | AM149: -2557.51 | AN149: 0 | AO149: 0 | AP149: =IFERROR(AM149/(AN149/31),0) -> 0 | AQ149: -2557.51 | AR149: 0 | AS149: 0 | AT149: =IFERROR(AQ149/(AR149/31),0) -> 0 | AU149: -2557.51 | AV149: 0 | AW149: 0 | AX149: =IFERROR(AU149/(AV149/31),0) -> 0 | AY149: =C149+G149+K149+O149+S149+W149+AA149 -> 874872.43 | AZ149: =D149+H149+L149+P149+T149+X149+AB149 -> 650267.5 | BA149: =E149+I149+M149+Q149+U149+Y149+AC149+AG149+AK149+AO149+AS149+AW149 -> 97.75 | BB149: =IFERROR(AY149/(AZ149/31),0) -> 41.707521 | BC149: DHOLPUR | BD149: ALWAR | BE149: RJ-Jaipur | BF149: KRISHNA GAVHANE
... A157: 202552 | B157: MANISH TYAGI BUILDING MATERIAL | C157: -30136 | D157: 0 | E157: 0 | F157: =IFERROR(C157/(D157/30),0) -> 0 | G157: -30136 | H157: 0 | I157: 0 | J157: =IFERROR(G157/(H157/31),0) -> 0 | K157: -30136 | L157: 0 | M157: 0 | N157: =IFERROR(K157/(L157/30),0) -> 0 | O157: -30136 | P157: 0 | Q157: 0 | R157: =IFERROR(O157/(P157/31),0) -> 0 | S157: -30136 | T157: 0 | U157: 0 | V157: =IFERROR(S157/(T157/31),0) -> 0 | W157: 0 | X157: 0 | Y157: 0 | Z157: =IFERROR(W157/(X157/30),0) -> 0 | AA157: 0 | AB157: 0 | AC157: 0 | AD157: =IFERROR(AA157/(AB157/31),0) -> 0 | AE157: 0 | AF157: 0 | AG157: 0 | AH157: =IFERROR(AE157/(AF157/30),0) -> 0 | AI157: 0 | AJ157: 0 | AK157: 0 | AL157: =IFERROR(AI157/(AJ157/31),0) -> 0 | AM157: 0 | AN157: 0 | AO157: 0 | AP157: =IFERROR(AM157/(AN157/31),0) -> 0 | AQ157: 0 | AR157: 0 | AS157: 0 | AT157: =IFERROR(AQ157/(AR157/31),0) -> 0 | AU157: 0 | AV157: 0 | AW157: 0 | AX157: =IFERROR(AU157/(AV157/31),0) -> 0 | AY157: =C157+G157+K157+O157+S157+W157+AA157 -> -150680 | AZ157: =D157+H157+L157+P157+T157+X157+AB157 -> 0 | BA157: =E157+I157+M157+Q157+U157+Y157+AC157+AG157+AK157+AO157+AS157+AW157 -> 0 | BB157: =IFERROR(AY157/(AZ157/31),0) -> 0 | BC157: DHOLPUR | BD157: ALWAR | BE157: RJ-Jaipur | BF157: KRISHNA GAVHANE
A158: 211436 | B158: JAI AMBEY TRADERS | C158: 0 | D158: 0 | E158: 0 | F158: =IFERROR(C158/(D158/30),0) -> 0 | G158: 0 | H158: 0 | I158: 0 | J158: =IFERROR(G158/(H158/31),0) -> 0 | K158: 0 | L158: 0 | M158: 0 | N158: =IFERROR(K158/(L158/30),0) -> 0 | O158: 0 | P158: 0 | Q158: 0 | R158: =IFERROR(O158/(P158/31),0) -> 0 | S158: 0 | T158: 0 | U158: 0 | V158: =IFERROR(S158/(T158/31),0) -> 0 | W158: 0 | X158: 0 | Y158: 0 | Z158: =IFERROR(W158/(X158/30),0) -> 0 | AA158: 0 | AB158: 0 | AC158: 0 | AD158: =IFERROR(AA158/(AB158/31),0) -> 0 | AE158: 0 | AF158: 0 | AG158: 0 | AH158: =IFERROR(AE158/(AF158/30),0) -> 0 | AI158: 0 | AJ158: 0 | AK158: 0 | AL158: =IFERROR(AI158/(AJ158/31),0) -> 0 | AM158: 0 | AN158: 0 | AO158: 0 | AP158: =IFERROR(AM158/(AN158/31),0) -> 0 | AQ158: -8560 | AR158: 141800 | AS158: 20 | AT158: =IFERROR(AQ158/(AR158/31),0) -> -1.8713681 | AU158: -11680.01 | AV158: 208500 | AW158: 30 | AX158: =IFERROR(AU158/(AV158/31),0) -> -1.7365962 | AY158: =C158+G158+K158+O158+S158+W158+AA158 -> 0 | AZ158: =D158+H158+L158+P158+T158+X158+AB158 -> 0 | BA158: =E158+I158+M158+Q158+U158+Y158+AC158+AG158+AK158+AO158+AS158+AW158 -> 50 | BB158: =IFERROR(AY158/(AZ158/31),0) -> 0 | BC158: DAUSA | BD158: JAIPUR RURAL | BE158: RJ-JAIPUR
A159: 147770 | B159: POOJA TRADERS | C159: 374683.81 | D159: 232433 | E159: 34.85 | F159: =IFERROR(C159/(D159/30),0) -> 48.360234 | G159: 354683.81 | H159: 0 | I159: 0 | J159: =IFERROR(G159/(H159/31),0) -> 0 | K159: 354683.81 | L159: 0 | M159: 0 | N159: =IFERROR(K159/(L159/30),0) -> 0 | O159: 354683.81 | P159: 0 | Q159: 0 | R159: =IFERROR(O159/(P159/31),0) -> 0 | S159: 249643.8 | T159: 336280 | U159: 52 | V159: =IFERROR(S159/(T159/31),0) -> 23.013435 | W159: 331593.8 | X159: 326950 | Y159: 50 | Z159: =IFERROR(W159/(X159/30),0) -> 30.426102 | AA159: 320693.8 | AB159: 274200 | AC159: 40 | AD159: =IFERROR(AA159/(AB159/31),0) -> 36.256411 | AE159: 373393.8 | AF159: 209700 | AG159: 30 | AH159: =IFERROR(AE159/(AF159/30),0) -> 53.418283 | AI159: 358143.8 | AJ159: 0 | AK159: 0 | AL159: =IFERROR(AI159/(AJ159/31),0) -> 0 | AM159: 121489.78 | AN159: 195304 | AO159: 29.6 | AP159: =IFERROR(AM159/(AN159/31),0) -> 19.283697 | AQ159: 198879.78 | AR159: 276620 | AS159: 40 | AT159: =IFERROR(AQ159/(AR159/31),0) -> 22.287879 | AU159: 242292.9 | AV159: 270450 | AW159: 38.5 | AX159: =IFERROR(AU159/(AV159/31),0) -> 27.772527 | AY159: =C159+G159+K159+O159+S159+W159+AA159 -> 2340666.6 | AZ159: =D159+H159+L159+P159+T159+X159+AB159 -> 1169863 | BA159: =E159+I159+M159+Q159+U159+Y159+AC159+AG159+AK159+AO159+AS159+AW159 -> 314.95 | BB159: =IFERROR(AY159/(AZ159/31),0) -> 62.024926 | BC159: JAIPUR RURAL | BD159: JAIPUR RURAL | BE159: RJ-Jaipur | BF159: AVINASH GAUTAM
A160: 148282 | B160: KUMAWAT CEMENT SUPPLIERS | C160: 102965.89 | D160: 221700 | E160: 33.5 | F160: =IFERROR(C160/(D160/30),0) -> 13.933138 | G160: 88320.89 | H160: 298050 | I160: 46.5 | J160: =IFERROR(G160/(H160/31),0) -> 9.1862023 | K160: 120020.89 | L160: 398600 | M160: 60 | N160: =IFERROR(K160/(L160/30),0) -> 9.0331829 | O160: 75460.9 | P160: 227120 | Q160: 34 | R160: =IFERROR(O160/(P160/31),0) -> 10.299788 | S160: 62080.9 | T160: 247720 | U160: 38 | V160: =IFERROR(S160/(T160/31),0) -> 7.7688838 | W160: 65977.15 | X160: 223850 | Y160: 33.75 | Z160: =IFERROR(W160/(X160/30),0) -> 8.8421465 | AA160: 66094.64 | AB160: 436080 | AC160: 62 | AD160: =IFERROR(AA160/(AB160/31),0) -> 4.6985274 | AE160: 52834.63 | AF160: 297380 | AG160: 42 | AH160: =IFERROR(AE160/(AF160/30),0) -> 5.3300118 | AI160: 63814.63 | AJ160: 342770 | AK160: 50 | AL160: =IFERROR(AI160/(AJ160/31),0) -> 5.771373 | AM160: 65664.63 | AN160: 197060 | AO160: 29 | AP160: =IFERROR(AM160/(AN160/31),0) -> 10.329867 | AQ160: 94379.63 | AR160: 268225 | AS160: 39 | AT160: =IFERROR(AQ160/(AR160/31),0) -> 10.907889 | AU160: 59910.89 | AV160: 556150 | AW160: 79 | AX160: =IFERROR(AU160/(AV160/31),0) -> 3.3394544 | AY160: =C160+G160+K160+O160+S160+W160+AA160 -> 580921.26 | AZ160: =D160+H160+L160+P160+T160+X160+AB160 -> 2053120 | BA160: =E160+I160+M160+Q160+U160+Y160+AC160+AG160+AK160+AO160+AS160+AW160 -> 546.75 | BB160: =IFERROR(AY160/(AZ160/31),0) -> 8.7713134 | BC160: JAIPUR RURAL | BD160: JAIPUR RURAL | BE160: RJ-Jaipur | BF160: AVINASH GAUTAM
A161: 148383 | B161: SHIVAM CEMENT AGENCY | C161: 0 | D161: 0 | E161: 0 | F161: =IFERROR(C161/(D161/30),0) -> 0 | G161: 0 | H161: 0 | I161: 0 | J161: =IFERROR(G161/(H161/31),0) -> 0 | K161: 0 | L161: 0 | M161: 0 | N161: =IFERROR(K161/(L161/30),0) -> 0 | O161: 0 | P161: 0 | Q161: 0 | R161: =IFERROR(O161/(P161/31),0) -> 0 | S161: 0 | T161: 0 | U161: 0 | V161: =IFERROR(S161/(T161/31),0) -> 0 | W161: 0 | X161: 0 | Y161: 0 | Z161: =IFERROR(W161/(X161/30),0) -> 0 | AA161: 0 | AB161: 0 | AC161: 0 | AD161: =IFERROR(AA161/(AB161/31),0) -> 0 | AE161: 0 | AF161: 0 | AG161: 0 | AH161: =IFERROR(AE161/(AF161/30),0) -> 0 | AI161: 0 | AJ161: 0 | AK161: 0 | AL161: =IFERROR(AI161/(AJ161/31),0) -> 0 | AM161: 0 | AN161: 0 | AO161: 0 | AP161: =IFERROR(AM161/(AN161/31),0) -> 0 | AQ161: 0 | AR161: 0 | AS161: 0 | AT161: =IFERROR(AQ161/(AR161/31),0) -> 0 | AU161: 0 | AV161: 0 | AW161: 0 | AX161: =IFERROR(AU161/(AV161/31),0) -> 0 | AY161: =C161+G161+K161+O161+S161+W161+AA161 -> 0 | AZ161: =D161+H161+L161+P161+T161+X161+AB161 -> 0 | BA161: =E161+I161+M161+Q161+U161+Y161+AC161+AG161+AK161+AO161+AS161+AW161 -> 0 | BB161: =IFERROR(AY161/(AZ161/31),0) -> 0 | BC161: JAIPUR RURAL | BD161: JAIPUR RURAL | BE161: RJ-Jaipur | BF161: AVINASH GAUTAM
A162: 149719 | B162: GUPTA HARDWARE | C162: 0 | D162: 0 | E162: 0 | F162: =IFERROR(C162/(D162/30),0) -> 0 | G162: 0 | H162: 0 | I162: 0 | J162: =IFERROR(G162/(H162/31),0) -> 0 | K162: 0 | L162: 0 | M162: 0 | N162: =IFERROR(K162/(L162/30),0) -> 0 | O162: 0 | P162: 0 | Q162: 0 | R162: =IFERROR(O162/(P162/31),0) -> 0 | S162: 0 | T162: 0 | U162: 0 | V162: =IFERROR(S162/(T162/31),0) -> 0 | W162: 0 | X162: 0 | Y162: 0 | Z162: =IFERROR(W162/(X162/30),0) -> 0 | AA162: 0 | AB162: 0 | AC162: 0 | AD162: =IFERROR(AA162/(AB162/31),0) -> 0 | AE162: 0 | AF162: 0 | AG162: 0 | AH162: =IFERROR(AE162/(AF162/30),0) -> 0 | AI162: 0 | AJ162: 0 | AK162: 0 | AL162: =IFERROR(AI162/(AJ162/31),0) -> 0 | AM162: 0 | AN162: 0 | AO162: 0 | AP162: =IFERROR(AM162/(AN162/31),0) -> 0 | AQ162: 0 | AR162: 0 | AS162: 0 | AT162: =IFERROR(AQ162/(AR162/31),0) -> 0 | AU162: 0 | AV162: 0 | AW162: 0 | AX162: =IFERROR(AU162/(AV162/31),0) -> 0 | AY162: =C162+G162+K162+O162+S162+W162+AA162 -> 0 | AZ162: =D162+H162+L162+P162+T162+X162+AB162 -> 0 | BA162: =E162+I162+M162+Q162+U162+Y162+AC162+AG162+AK162+AO162+AS162+AW162 -> 0 | BB162: =IFERROR(AY162/(AZ162/31),0) -> 0 | BC162: JAIPUR RURAL | BD162: JAIPUR RURAL | BE162: RJ-Jaipur | BF162: AVINASH GAUTAM
A163: 149982 | B163: KISHAN LAL SWAMI AND SONS | C163: 130954.74 | D163: 303200 | E163: 46 | F163: =IFERROR(C163/(D163/30),0) -> 12.957263 | G163: 54703.74 | H163: 300975 | I163: 46.95 | J163: =IFERROR(G163/(H163/31),0) -> 5.634408 | K163: 119696.49 | L163: 400200 | M163: 60 | N163: =IFERROR(K163/(L163/30),0) -> 8.9727504 | O163: 85711.51 | P163: 290490 | Q163: 44 | R163: =IFERROR(O163/(P163/31),0) -> 9.1468099 | S163: 109873.5 | T163: 320140 | U163: 48.5 | V163: =IFERROR(S163/(T163/31),0) -> 10.639341 | W163: 9823.49 | X163: 476490 | Y163: 73.5 | Z163: =IFERROR(W163/(X163/30),0) -> 0.61849084 | AA163: -6226.53 | AB163: 565225 | AC163: 82.5 | AD163: =IFERROR(AA163/(AB163/31),0) -> -0.34149663 | AE163: 42473.46 | AF163: 470450 | AG163: 67.5 | AH163: =IFERROR(AE163/(AF163/30),0) -> 2.7084787 | AI163: -28721.56 | AJ163: 352800 | AK163: 52 | AL163: =IFERROR(AI163/(AJ163/31),0) -> -2.5237198 | AM163: -15321.56 | AN163: 362410 | AO163: 54 | AP163: =IFERROR(AM163/(AN163/31),0) -> -1.3105829 | AQ163: -8501.56 | AR163: 187670 | AS163: 27.5 | AT163: =IFERROR(AQ163/(AR163/31),0) -> -1.404318 | AU163: -39387.55 | AV163: 144330 | AW163: 20.5 | AX163: =IFERROR(AU163/(AV163/31),0) -> -8.459877 | AY163: =C163+G163+K163+O163+S163+W163+AA163 -> 504536.94 | AZ163: =D163+H163+L163+P163+T163+X163+AB163 -> 2656720 | BA163: =E163+I163+M163+Q163+U163+Y163+AC163+AG163+AK163+AO163+AS163+AW163 -> 622.95 | BB163: =IFERROR(AY163/(AZ163/31),0) -> 5.8872012 | BC163: JAIPUR RURAL | BD163: JAIPUR RURAL | BE163: RJ-Jaipur | BF163: AVINASH GAUTAM
A164: 170691 | B164: BABA BIHARI DAS CONSTRUCTION CO. | C164: 352603.45 | D164: 203880 | E164: 30.8 | F164: =IFERROR(C164/(D164/30),0) -> 51.883969 | G164: 226403.45 | H164: 130000 | I164: 20 | J164: =IFERROR(G164/(H164/31),0) -> 53.988515 | K164: 539017.46 | L164: 611370 | M164: 91 | N164: =IFERROR(K164/(L164/30),0) -> 26.449652 | O164: 706997.46 | P164: 715020 | Q164: 104.5 | R164: =IFERROR(O164/(P164/31),0) -> 30.652179 | S164: 292325.46 | T164: 155700 | U164: 22.5 | V164: =IFERROR(S164/(T164/31),0) -> 58.202243 | W164: 429808.45 | X164: 458722 | Y164: 69.8 | Z164: =IFERROR(W164/(X164/30),0) -> 28.10908 | AA164: 539458.45 | AB164: 308050 | AC164: 45 | AD164: =IFERROR(AA164/(AB164/31),0) -> 54.28733 | AE164: 434410.45 | AF164: 461890 | AG164: 66 | AH164: =IFERROR(AE164/(AF164/30),0) -> 28.215189 | AI164: 590295.21 | AJ164: 587790 | AK164: 84.75 | AL164: =IFERROR(AI164/(AJ164/31),0) -> 31.132125 | AM164: 677040.21 | AN164: 474561 | AO164: 69.65 | AP164: =IFERROR(AM164/(AN164/31),0) -> 44.226657 | AQ164: 654400.21 | AR164: 684900 | AS164: 100 | AT164: =IFERROR(AQ164/(AR164/31),0) -> 29.619516 | AU164: 515009.46 | AV164: 485750 | AW164: 70 | AX164: =IFERROR(AU164/(AV164/31),0) -> 32.867305 | AY164: =C164+G164+K164+O164+S164+W164+AA164 -> 3086614.2 | AZ164: =D164+H164+L164+P164+T164+X164+AB164 -> 2582742 | BA164: =E164+I164+M164+Q164+U164+Y164+AC164+AG164+AK164+AO164+AS164+AW164 -> 774 | BB164: =IFERROR(AY164/(AZ164/31),0) -> 37.047851 | BC164: JAIPUR RURAL | BD164: JAIPUR RURAL | BE164: RJ-Jaipur | BF164: AVINASH GAUTAM
A165: 175160 | B165: KRISHNA CEMENT SaleS AGENCIES | C165: 409675.11 | D165: 491950 | E165: 72.5 | F165: =IFERROR(C165/(D165/30),0) -> 24.982729 | G165: 475475.16 | H165: 422900 | I165: 65 | J165: =IFERROR(G165/(H165/31),0) -> 34.853937 | K165: 546712.59 | L165: 606700 | M165: 90 | N165: =IFERROR(K165/(L165/30),0) -> 27.033753 | O165: 509812.59 | P165: 376260 | Q165: 56.5 | R165: =IFERROR(O165/(P165/31),0) -> 42.003376 | S165: 477977.59 | T165: 512350 | U165: 77.5 | V165: =IFERROR(S165/(T165/31),0) -> 28.92028 | W165: 498792.58 | X165: 609000 | Y165: 93 | Z165: =IFERROR(W165/(X165/30),0) -> 24.571063 | AA165: 528216.36 | AB165: 723350 | AC165: 105.75 | AD165: =IFERROR(AA165/(AB165/31),0) -> 22.637322 | AE165: 695126.33 | AF165: 780300 | AG165: 112 | AH165: =IFERROR(AE165/(AF165/30),0) -> 26.725349 | AI165: 670025.1 | AJ165: 586925 | AK165: 86 | AL165: =IFERROR(AI165/(AJ165/31),0) -> 35.389152 | AM165: 665860.36 | AN165: 841775 | AO165: 123.75 | AP165: =IFERROR(AM165/(AN165/31),0) -> 24.521602 | AQ165: 542372.36 | AR165: 409500 | AS165: 60 | AT165: =IFERROR(AQ165/(AR165/31),0) -> 41.058713 | AU165: 522897.87 | AV165: 820100 | AW165: 118 | AX165: =IFERROR(AU165/(AV165/31),0) -> 19.76568 | AY165: =C165+G165+K165+O165+S165+W165+AA165 -> 3446662 | AZ165: =D165+H165+L165+P165+T165+X165+AB165 -> 3742510 | BA165: =E165+I165+M165+Q165+U165+Y165+AC165+AG165+AK165+AO165+AS165+AW165 -> 1060 | BB165: =IFERROR(AY165/(AZ165/31),0) -> 28.549428 | BC165: JAIPUR RURAL | BD165: JAIPUR RURAL | BE165: RJ-Jaipur | BF165: AVINASH GAUTAM
A166: 176303 | B166: ASHISH TRADERS | C166: 326336.87 | D166: 274390 | E166: 41 | F166: =IFERROR(C166/(D166/30),0) -> 35.67953 | G166: 439221.85 | H166: 970050 | I166: 151.5 | J166: =IFERROR(G166/(H166/31),0) -> 14.036263 | K166: 550484.82 | L166: 1056845 | M166: 157 | N166: =IFERROR(K166/(L166/30),0) -> 15.626269 | O166: 265724.56 | P166: 806815 | Q166: 120.75 | R166: =IFERROR(O166/(P166/31),0) -> 10.209852 | S166: 259987.09 | T166: 772900 | U166: 120 | V166: =IFERROR(S166/(T166/31),0) -> 10.427739 | W166: 481931.3 | X166: 782120 | Y166: 120.5 | Z166: =IFERROR(W166/(X166/30),0) -> 18.485576 | AA166: 462901.28 | AB166: 836495 | AC166: 116.75 | AD166: =IFERROR(AA166/(AB166/31),0) -> 17.154842 | AE166: 507331.3 | AF166: 469380 | AG166: 67 | AH166: =IFERROR(AE166/(AF166/30),0) -> 32.425623 | AI166: 176886.05 | AJ166: 624480 | AK166: 92 | AL166: =IFERROR(AI166/(AJ166/31),0) -> 8.7808538 | AM166: 522877.05 | AN166: 815300 | AO166: 120 | AP166: =IFERROR(AM166/(AN166/31),0) -> 19.881257 | AQ166: -45007 | AR166: 1048910 | AS166: 154.5 | AT166: =IFERROR(AQ166/(AR166/31),0) -> -1.3301589 | AU166: 208514.17 | AV166: 1279175 | AW166: 181.75 | AX166: =IFERROR(AU166/(AV166/31),0) -> 5.0532095 | AY166: =C166+G166+K166+O166+S166+W166+AA166 -> 2786587.8 | AZ166: =D166+H166+L166+P166+T166+X166+AB166 -> 5499615 | BA166: =E166+I166+M166+Q166+U166+Y166+AC166+AG166+AK166+AO166+AS166+AW166 -> 1442.75 | BB166: =IFERROR(AY166/(AZ166/31),0) -> 15.707321 | BC166: JAIPUR RURAL | BD166: JAIPUR RURAL | BE166: RJ-Jaipur | BF166: AVINASH GAUTAM
A167: 178512 | B167: SHRI BALUDAS ENTERPRISES | C167: -119756.16 | D167: 0 | E167: 0 | F167: =IFERROR(C167/(D167/30),0) -> 0 | G167: -11286.16 | H167: 110500 | I167: 17 | J167: =IFERROR(G167/(H167/31),0) -> -3.166253 | K167: -12986.16 | L167: 0 | M167: 0 | N167: =IFERROR(K167/(L167/30),0) -> 0 | O167: -12986.16 | P167: 0 | Q167: 0 | R167: =IFERROR(O167/(P167/31),0) -> 0 | S167: -13666.16 | T167: 0 | U167: 0 | V167: =IFERROR(S167/(T167/31),0) -> 0 | W167: -13666.16 | X167: 0 | Y167: 0 | Z167: =IFERROR(W167/(X167/30),0) -> 0 | AA167: -13666.16 | AB167: 0 | AC167: 0 | AD167: =IFERROR(AA167/(AB167/31),0) -> 0 | AE167: -13666.16 | AF167: 0 | AG167: 0 | AH167: =IFERROR(AE167/(AF167/30),0) -> 0 | AI167: -13666.16 | AJ167: 0 | AK167: 0 | AL167: =IFERROR(AI167/(AJ167/31),0) -> 0 | AM167: -13666.16 | AN167: 0 | AO167: 0 | AP167: =IFERROR(AM167/(AN167/31),0) -> 0 | AQ167: -13666.16 | AR167: 0 | AS167: 0 | AT167: =IFERROR(AQ167/(AR167/31),0) -> 0 | AU167: -13666.16 | AV167: 0 | AW167: 0 | AX167: =IFERROR(AU167/(AV167/31),0) -> 0 | AY167: =C167+G167+K167+O167+S167+W167+AA167 -> -198013.12 | AZ167: =D167+H167+L167+P167+T167+X167+AB167 -> 110500 | BA167: =E167+I167+M167+Q167+U167+Y167+AC167+AG167+AK167+AO167+AS167+AW167 -> 17 | BB167: =IFERROR(AY167/(AZ167/31),0) -> -55.551192 | BC167: JAIPUR RURAL | BD167: JAIPUR RURAL | BE167: RJ-Jaipur | BF167: AVINASH GAUTAM
A168: 179395 | B168: GUPTA HARDWARE | C168: 12349.13 | D168: 0 | E168: 0 | F168: =IFERROR(C168/(D168/30),0) -> 0 | G168: 105509.14 | H168: 170920 | I168: 26.5 | J168: =IFERROR(G168/(H168/31),0) -> 19.136341 | K168: 115984.14 | L168: 81900 | M168: 12.5 | N168: =IFERROR(K168/(L168/30),0) -> 42.485033 | O168: 85984.14 | P168: 0 | Q168: 0 | R168: =IFERROR(O168/(P168/31),0) -> 0 | S168: 46436.64 | T168: 49910 | U168: 7.75 | V168: =IFERROR(S168/(T168/31),0) -> 28.842634 | W168: 82531.64 | X168: 80500 | Y168: 12.5 | Z168: =IFERROR(W168/(X168/30),0) -> 30.757133 | AA168: 141256.64 | AB168: 208325 | AC168: 30 | AD168: =IFERROR(AA168/(AB168/31),0) -> 21.019829 | AE168: 120931.64 | AF168: 101730 | AG168: 14.5 | AH168: =IFERROR(AE168/(AF168/30),0) -> 35.66253 | AI168: 94809.14 | AJ168: 133335 | AK168: 19 | AL168: =IFERROR(AI168/(AJ168/31),0) -> 22.04285 | AM168: 101504.14 | AN168: 105370 | AO168: 15.5 | AP168: =IFERROR(AM168/(AN168/31),0) -> 29.862659 | AQ168: 115304.14 | AR168: 67000 | AS168: 10 | AT168: =IFERROR(AQ168/(AR168/31),0) -> 53.349677 | AU168: 102679.14 | AV168: 50250 | AW168: 7.5 | AX168: =IFERROR(AU168/(AV168/31),0) -> 63.344345 | AY168: =C168+G168+K168+O168+S168+W168+AA168 -> 590051.47 | AZ168: =D168+H168+L168+P168+T168+X168+AB168 -> 591555 | BA168: =E168+I168+M168+Q168+U168+Y168+AC168+AG168+AK168+AO168+AS168+AW168 -> 155.75 | BB168: =IFERROR(AY168/(AZ168/31),0) -> 30.921209 | BC168: JAIPUR RURAL | BD168: JAIPUR RURAL | BE168: RJ-Jaipur | BF168: AVINASH GAUTAM
A169: 179910 | B169: SUMITRA TRADERS | C169: -8538.01 | D169: 0 | E169: 0 | F169: =IFERROR(C169/(D169/30),0) -> 0 | G169: -8538.01 | H169: 0 | I169: 0 | J169: =IFERROR(G169/(H169/31),0) -> 0 | K169: -8538.01 | L169: 0 | M169: 0 | N169: =IFERROR(K169/(L169/30),0) -> 0 | O169: -8538.01 | P169: 0 | Q169: 0 | R169: =IFERROR(O169/(P169/31),0) -> 0 | S169: -8538.01 | T169: 0 | U169: 0 | V169: =IFERROR(S169/(T169/31),0) -> 0 | W169: -8538.01 | X169: 0 | Y169: 0 | Z169: =IFERROR(W169/(X169/30),0) -> 0 | AA169: -8538.01 | AB169: 0 | AC169: 0 | AD169: =IFERROR(AA169/(AB169/31),0) -> 0 | AE169: -8538.01 | AF169: 0 | AG169: 0 | AH169: =IFERROR(AE169/(AF169/30),0) -> 0 | AI169: -8538.01 | AJ169: 0 | AK169: 0 | AL169: =IFERROR(AI169/(AJ169/31),0) -> 0 | AM169: -8538.01 | AN169: 0 | AO169: 0 | AP169: =IFERROR(AM169/(AN169/31),0) -> 0 | AQ169: -8538.01 | AR169: 0 | AS169: 0 | AT169: =IFERROR(AQ169/(AR169/31),0) -> 0 | AU169: 0 | AV169: 0 | AW169: 0 | AX169: =IFERROR(AU169/(AV169/31),0) -> 0 | AY169: =C169+G169+K169+O169+S169+W169+AA169 -> -59766.07 | AZ169: =D169+H169+L169+P169+T169+X169+AB169 -> 0 | BA169: =E169+I169+M169+Q169+U169+Y169+AC169+AG169+AK169+AO169+AS169+AW169 -> 0 | BB169: =IFERROR(AY169/(AZ169/31),0) -> 0 | BC169: JAIPUR RURAL | BD169: JAIPUR RURAL | BE169: RJ-Jaipur | BF169: AVINASH GAUTAM
A170: 201417 | B170: VIJAY CEMENT AGENCY | C170: 83344.7 | D170: 0 | E170: 0 | F170: =IFERROR(C170/(D170/30),0) -> 0 | G170: 83344.7 | H170: 0 | I170: 0 | J170: =IFERROR(G170/(H170/31),0) -> 0 | K170: 83344.7 | L170: 0 | M170: 0 | N170: =IFERROR(K170/(L170/30),0) -> 0 | O170: 73344.7 | P170: 0 | Q170: 0 | R170: =IFERROR(O170/(P170/31),0) -> 0 | S170: 73344.7 | T170: 0 | U170: 0 | V170: =IFERROR(S170/(T170/31),0) -> 0 | W170: 73344.7 | X170: 0 | Y170: 0 | Z170: =IFERROR(W170/(X170/30),0) -> 0 | AA170: 73344.7 | AB170: 0 | AC170: 0 | AD170: =IFERROR(AA170/(AB170/31),0) -> 0 | AE170: 73344.7 | AF170: 0 | AG170: 0 | AH170: =IFERROR(AE170/(AF170/30),0) -> 0 | AI170: 0 | AJ170: 0 | AK170: 0 | AL170: =IFERROR(AI170/(AJ170/31),0) -> 0 | AM170: -753.69 | AN170: 0 | AO170: 0 | AP170: =IFERROR(AM170/(AN170/31),0) -> 0 | AQ170: -753.69 | AR170: 0 | AS170: 0 | AT170: =IFERROR(AQ170/(AR170/31),0) -> 0 | AU170: -753.69 | AV170: 0 | AW170: 0 | AX170: =IFERROR(AU170/(AV170/31),0) -> 0 | AY170: =C170+G170+K170+O170+S170+W170+AA170 -> 543412.9 | AZ170: =D170+H170+L170+P170+T170+X170+AB170 -> 0 | BA170: =E170+I170+M170+Q170+U170+Y170+AC170+AG170+AK170+AO170+AS170+AW170 -> 0 | BB170: =IFERROR(AY170/(AZ170/31),0) -> 0 | BC170: JAIPUR RURAL | BD170: JAIPUR RURAL | BE170: RJ-Jaipur | BF170: AVINASH GAUTAM
... A230: 178137 | B230: KHANDELWAL TRADING AND COMPANY | C230: 250235.29 | D230: 131290 | E230: 18 | F230: =IFERROR(C230/(D230/30),0) -> 57.179212 | G230: 212952.32 | H230: 219530 | I230: 33 | J230: =IFERROR(G230/(H230/31),0) -> 30.071161 | K230: 357040.28 | L230: 462394 | M230: 66.9 | N230: =IFERROR(K230/(L230/30),0) -> 23.164679 | O230: 344467.23 | P230: 452800 | Q230: 66 | R230: =IFERROR(O230/(P230/31),0) -> 23.583225 | S230: 426776.22 | T230: 829855 | U230: 125.35 | V230: =IFERROR(S230/(T230/31),0) -> 15.94262 | W230: 459162.97 | X230: 670920 | Y230: 100 | Z230: =IFERROR(W230/(X230/30),0) -> 20.531344 | AA230: 308219.47 | AB230: 396975 | AC230: 55.25 | AD230: =IFERROR(AA230/(AB230/31),0) -> 24.069031 | AE230: 203723.97 | AF230: 89025 | AG230: 12.5 | AH230: =IFERROR(AE230/(AF230/30),0) -> 68.651717 | AI230: 347673.94 | AJ230: 494460 | AK230: 69.75 | AL230: =IFERROR(AI230/(AJ230/31),0) -> 21.797298 | AM230: 445561.93 | AN230: 610110 | AO230: 86 | AP230: =IFERROR(AM230/(AN230/31),0) -> 22.639229 | AQ230: 590049 | AR230: 868590 | AS230: 123.5 | AT230: =IFERROR(AQ230/(AR230/31),0) -> 21.058864 | AU230: 195436.48 | AV230: 393500 | AW230: 56 | AX230: =IFERROR(AU230/(AV230/31),0) -> 15.396521 | AY230: =C230+G230+K230+O230+S230+W230+AA230 -> 2358853.8 | AZ230: =D230+H230+L230+P230+T230+X230+AB230 -> 3163764 | BA230: =E230+I230+M230+Q230+U230+Y230+AC230+AG230+AK230+AO230+AS230+AW230 -> 812.25 | BB230: =IFERROR(AY230/(AZ230/31),0) -> 23.113123 | BC230: JAIPUR RURAL | BD230: JAIPUR RURAL | BE230: RJ-Jaipur | BF230: YASHKANT TRIPATHI
A231: 121859 | B231: KUMAWAT ELECTRICALS & SANATORY STOR | C231: 0 | D231: 0 | E231: 0 | F231: =IFERROR(C231/(D231/30),0) -> 0 | G231: 0 | H231: 0 | I231: 0 | J231: =IFERROR(G231/(H231/31),0) -> 0 | K231: 0 | L231: 0 | M231: 0 | N231: =IFERROR(K231/(L231/30),0) -> 0 | O231: 0 | P231: 0 | Q231: 0 | R231: =IFERROR(O231/(P231/31),0) -> 0 | S231: 0 | T231: 0 | U231: 0 | V231: =IFERROR(S231/(T231/31),0) -> 0 | W231: 0 | X231: 0 | Y231: 0 | Z231: =IFERROR(W231/(X231/30),0) -> 0 | AA231: 0 | AB231: 0 | AC231: 0 | AD231: =IFERROR(AA231/(AB231/31),0) -> 0 | AE231: 0 | AF231: 0 | AG231: 0 | AH231: =IFERROR(AE231/(AF231/30),0) -> 0 | AI231: 0 | AJ231: 0 | AK231: 0 | AL231: =IFERROR(AI231/(AJ231/31),0) -> 0 | AM231: 0 | AN231: 0 | AO231: 0 | AP231: =IFERROR(AM231/(AN231/31),0) -> 0 | AQ231: 129191.78 | AR231: 0 | AS231: 0 | AT231: =IFERROR(AQ231/(AR231/31),0) -> 0 | AU231: 129191.78 | AV231: 0 | AW231: 0 | AX231: =IFERROR(AU231/(AV231/31),0) -> 0 | AY231: =C231+G231+K231+O231+S231+W231+AA231 -> 0 | AZ231: =D231+H231+L231+P231+T231+X231+AB231 -> 0 | BA231: =E231+I231+M231+Q231+U231+Y231+AC231+AG231+AK231+AO231+AS231+AW231 -> 0 | BB231: =IFERROR(AY231/(AZ231/31),0) -> 0 | BC231: JAIPUR RURAL | BD231: JAIPUR RURAL | BE231: RJ-JAIPUR
A232: 211342 | B232: JANGID ENTERPRISES | C232: 0 | D232: 0 | E232: 0 | F232: =IFERROR(C232/(D232/30),0) -> 0 | G232: 0 | H232: 0 | I232: 0 | J232: =IFERROR(G232/(H232/31),0) -> 0 | K232: 0 | L232: 0 | M232: 0 | N232: =IFERROR(K232/(L232/30),0) -> 0 | O232: 0 | P232: 0 | Q232: 0 | R232: =IFERROR(O232/(P232/31),0) -> 0 | S232: 0 | T232: 0 | U232: 0 | V232: =IFERROR(S232/(T232/31),0) -> 0 | W232: 0 | X232: 0 | Y232: 0 | Z232: =IFERROR(W232/(X232/30),0) -> 0 | AA232: 0 | AB232: 0 | AC232: 0 | AD232: =IFERROR(AA232/(AB232/31),0) -> 0 | AE232: 0 | AF232: 0 | AG232: 0 | AH232: =IFERROR(AE232/(AF232/30),0) -> 0 | AI232: 0 | AJ232: 0 | AK232: 0 | AL232: =IFERROR(AI232/(AJ232/31),0) -> 0 | AM232: 0 | AN232: 0 | AO232: 0 | AP232: =IFERROR(AM232/(AN232/31),0) -> 0 | AQ232: -11230 | AR232: 338380 | AS232: 50 | AT232: =IFERROR(AQ232/(AR232/31),0) -> -1.0288138 | AU232: 60798.76 | AV232: 499150 | AW232: 71.5 | AX232: =IFERROR(AU232/(AV232/31),0) -> 3.7759422 | AY232: =C232+G232+K232+O232+S232+W232+AA232 -> 0 | AZ232: =D232+H232+L232+P232+T232+X232+AB232 -> 0 | BA232: =E232+I232+M232+Q232+U232+Y232+AC232+AG232+AK232+AO232+AS232+AW232 -> 121.5 | BB232: =IFERROR(AY232/(AZ232/31),0) -> 0 | BC232: JAIPUR RURAL | BD232: JAIPUR RURAL | BE232: RJ-JAIPUR
A233: 211710 | B233: HAMRAJ STEELS | C233: 0 | D233: 0 | E233: 0 | F233: =IFERROR(C233/(D233/30),0) -> 0 | G233: 0 | H233: 0 | I233: 0 | J233: =IFERROR(G233/(H233/31),0) -> 0 | K233: 0 | L233: 0 | M233: 0 | N233: =IFERROR(K233/(L233/30),0) -> 0 | O233: 0 | P233: 0 | Q233: 0 | R233: =IFERROR(O233/(P233/31),0) -> 0 | S233: 0 | T233: 0 | U233: 0 | V233: =IFERROR(S233/(T233/31),0) -> 0 | W233: 0 | X233: 0 | Y233: 0 | Z233: =IFERROR(W233/(X233/30),0) -> 0 | AA233: 0 | AB233: 0 | AC233: 0 | AD233: =IFERROR(AA233/(AB233/31),0) -> 0 | AE233: 0 | AF233: 0 | AG233: 0 | AH233: =IFERROR(AE233/(AF233/30),0) -> 0 | AI233: 0 | AJ233: 0 | AK233: 0 | AL233: =IFERROR(AI233/(AJ233/31),0) -> 0 | AM233: 0 | AN233: 0 | AO233: 0 | AP233: =IFERROR(AM233/(AN233/31),0) -> 0 | AQ233: 0 | AR233: 0 | AS233: 0 | AT233: =IFERROR(AQ233/(AR233/31),0) -> 0 | AU233: 117717.74 | AV233: 347500 | AW233: 50 | AX233: =IFERROR(AU233/(AV233/31),0) -> 10.501439 | AY233: =C233+G233+K233+O233+S233+W233+AA233 -> 0 | AZ233: =D233+H233+L233+P233+T233+X233+AB233 -> 0 | BA233: =E233+I233+M233+Q233+U233+Y233+AC233+AG233+AK233+AO233+AS233+AW233 -> 50 | BB233: =IFERROR(AY233/(AZ233/31),0) -> 0 | BC233: JAIPUR RURAL | BD233: JAIPUR RURAL | BE233: RJ-Jaipur
A234: 141190 | B234: BAGRA TRADERS | C234: 100665.58 | D234: 118910 | E234: 17.75 | F234: =IFERROR(C234/(D234/30),0) -> 25.397085 | G234: 158990.58 | H234: 128850 | I234: 20 | J234: =IFERROR(G234/(H234/31),0) -> 38.251517 | K234: 302091.86 | L234: 275820 | M234: 41 | N234: =IFERROR(K234/(L234/30),0) -> 32.857501 | O234: 292786.86 | P234: 243740 | Q234: 36.75 | R234: =IFERROR(O234/(P234/31),0) -> 37.23801 | S234: 335951.87 | T234: 329240 | U234: 50.5 | V234: =IFERROR(S234/(T234/31),0) -> 31.631964 | W234: 346315.58 | X234: 407920 | Y234: 62.75 | Z234: =IFERROR(W234/(X234/30),0) -> 25.469375 | AA234: 385075.6 | AB234: 299240 | AC234: 43 | AD234: =IFERROR(AA234/(AB234/31),0) -> 39.892206 | AE234: 227225.61 | AF234: 221220 | AG234: 31.5 | AH234: =IFERROR(AE234/(AF234/30),0) -> 30.81443 | AI234: 210946.89 | AJ234: 231675 | AK234: 33.75 | AL234: =IFERROR(AI234/(AJ234/31),0) -> 28.22641 | AM234: 399096.87 | AN234: 453900 | AO234: 67.5 | AP234: =IFERROR(AM234/(AN234/31),0) -> 27.257112 | AQ234: 215896.87 | AR234: 87000 | AS234: 12.5 | AT234: =IFERROR(AQ234/(AR234/31),0) -> 76.92877 | AU234: 294320.63 | AV234: 396160 | AW234: 57.45 | AX234: =IFERROR(AU234/(AV234/31),0) -> 23.030946 | AY234: =C234+G234+K234+O234+S234+W234+AA234 -> 1921877.9 | AZ234: =D234+H234+L234+P234+T234+X234+AB234 -> 1803720 | BA234: =E234+I234+M234+Q234+U234+Y234+AC234+AG234+AK234+AO234+AS234+AW234 -> 474.45 | BB234: =IFERROR(AY234/(AZ234/31),0) -> 33.030745 | BC234: JAIPUR URBAN | BD234: JAIPUR URBAN | BE234: RJ-Jaipur | BF234: NIKHLESH SHARMA
A235: 141910 | B235: GOKUL BRICKS | C235: 4119.82 | D235: 172764 | E235: 25.85 | F235: =IFERROR(C235/(D235/30),0) -> 0.71539557 | G235: -1218.18 | H235: 119990 | I235: 18.5 | J235: =IFERROR(G235/(H235/31),0) -> -0.31472273 | K235: 7977.81 | L235: 189820 | M235: 28.25 | N235: =IFERROR(K235/(L235/30),0) -> 1.2608487 | O235: 62871.33 | P235: 683840 | Q235: 102.5 | R235: =IFERROR(O235/(P235/31),0) -> 2.8500983 | S235: -9502.15 | T235: 435245 | U235: 66.75 | V235: =IFERROR(S235/(T235/31),0) -> -0.67678354 | W235: 9506.07 | X235: 652660 | Y235: 100.25 | Z235: =IFERROR(W235/(X235/30),0) -> 0.43695354 | AA235: -7020.42 | AB235: 362930 | AC235: 52.25 | AD235: =IFERROR(AA235/(AB235/31),0) -> -0.59965564 | AE235: -20601.88 | AF235: 504125 | AG235: 71.25 | AH235: =IFERROR(AE235/(AF235/30),0) -> -1.2259983 | AI235: 532.37 | AJ235: 813760 | AK235: 118.25 | AL235: =IFERROR(AI235/(AJ235/31),0) -> 0.020280513 | AM235: 134645.42 | AN235: 731540 | AO235: 108 | AP235: =IFERROR(AM235/(AN235/31),0) -> 5.7057823 | AQ235: 53639.38 | AR235: 845260 | AS235: 123 | AT235: =IFERROR(AQ235/(AR235/31),0) -> 1.9672299 | AU235: 151318.31 | AV235: 1073225 | AW235: 151.75 | AX235: =IFERROR(AU235/(AV235/31),0) -> 4.3708147 | AY235: =C235+G235+K235+O235+S235+W235+AA235 -> 66734.28 | AZ235: =D235+H235+L235+P235+T235+X235+AB235 -> 2617249 | BA235: =E235+I235+M235+Q235+U235+Y235+AC235+AG235+AK235+AO235+AS235+AW235 -> 966.6 | BB235: =IFERROR(AY235/(AZ235/31),0) -> 0.79043403 | BC235: JAIPUR URBAN | BD235: JAIPUR URBAN | BE235: RJ-Jaipur | BF235: NIKHLESH SHARMA
A236: 143790 | B236: SHREE SHYAM TRADERS | C236: -12790.37 | D236: 0 | E236: 0 | F236: =IFERROR(C236/(D236/30),0) -> 0 | G236: -12790.37 | H236: 0 | I236: 0 | J236: =IFERROR(G236/(H236/31),0) -> 0 | K236: -12790.37 | L236: 0 | M236: 0 | N236: =IFERROR(K236/(L236/30),0) -> 0 | O236: -12790.37 | P236: 0 | Q236: 0 | R236: =IFERROR(O236/(P236/31),0) -> 0 | S236: -12790.37 | T236: 0 | U236: 0 | V236: =IFERROR(S236/(T236/31),0) -> 0 | W236: -12790.37 | X236: 0 | Y236: 0 | Z236: =IFERROR(W236/(X236/30),0) -> 0 | AA236: -12790.37 | AB236: 0 | AC236: 0 | AD236: =IFERROR(AA236/(AB236/31),0) -> 0 | AE236: -12790.37 | AF236: 0 | AG236: 0 | AH236: =IFERROR(AE236/(AF236/30),0) -> 0 | AI236: -12790.37 | AJ236: 0 | AK236: 0 | AL236: =IFERROR(AI236/(AJ236/31),0) -> 0 | AM236: -12790.37 | AN236: 0 | AO236: 0 | AP236: =IFERROR(AM236/(AN236/31),0) -> 0 | AQ236: -12790.37 | AR236: 0 | AS236: 0 | AT236: =IFERROR(AQ236/(AR236/31),0) -> 0 | AU236: -12790.37 | AV236: 0 | AW236: 0 | AX236: =IFERROR(AU236/(AV236/31),0) -> 0 | AY236: =C236+G236+K236+O236+S236+W236+AA236 -> -89532.59 | AZ236: =D236+H236+L236+P236+T236+X236+AB236 -> 0 | BA236: =E236+I236+M236+Q236+U236+Y236+AC236+AG236+AK236+AO236+AS236+AW236 -> 0 | BB236: =IFERROR(AY236/(AZ236/31),0) -> 0 | BC236: JAIPUR URBAN | BD236: JAIPUR URBAN | BE236: RJ-Jaipur | BF236: NIKHLESH SHARMA
A237: 144868 | B237: ASHISH SaleS CORPORATION | C237: 140665.36 | D237: 733190 | E237: 109.5 | F237: =IFERROR(C237/(D237/30),0) -> 5.755617 | G237: 53337.39 | H237: 488910 | I237: 75.5 | J237: =IFERROR(G237/(H237/31),0) -> 3.3819294 | K237: 3481.88 | L237: 681230 | M237: 102.5 | N237: =IFERROR(K237/(L237/30),0) -> 0.153335 | O237: -13065.13 | P237: 1175440 | Q237: 176.75 | R237: =IFERROR(O237/(P237/31),0) -> -0.34456802 | S237: 324297.85 | T237: 980625 | U237: 150.5 | V237: =IFERROR(S237/(T237/31),0) -> 10.251863 | W237: -70224.38 | X237: 345800 | Y237: 52.5 | Z237: =IFERROR(W237/(X237/30),0) -> -6.0923407 | AA237: 161433.84 | AB237: 1283564 | AC237: 181.05 | AD237: =IFERROR(AA237/(AB237/31),0) -> 3.8988699 | AE237: 94284.88 | AF237: 1122040 | AG237: 160.5 | AH237: =IFERROR(AE237/(AF237/30),0) -> 2.5208962 | AI237: 143428.65 | AJ237: 1381370 | AK237: 201 | AL237: =IFERROR(AI237/(AJ237/31),0) -> 3.2187525 | AM237: 125715.63 | AN237: 1028190 | AO237: 150.5 | AP237: =IFERROR(AM237/(AN237/31),0) -> 3.790335 | AQ237: -63166.38 | AR237: 1102180 | AS237: 159 | AT237: =IFERROR(AQ237/(AR237/31),0) -> -1.7766225 | AU237: 369323.53 | AV237: 2005250 | AW237: 287 | AX237: =IFERROR(AU237/(AV237/31),0) -> 5.7095272 | AY237: =C237+G237+K237+O237+S237+W237+AA237 -> 599926.81 | AZ237: =D237+H237+L237+P237+T237+X237+AB237 -> 5688759 | BA237: =E237+I237+M237+Q237+U237+Y237+AC237+AG237+AK237+AO237+AS237+AW237 -> 1806.3 | BB237: =IFERROR(AY237/(AZ237/31),0) -> 3.2692071 | BC237: JAIPUR URBAN | BD237: JAIPUR URBAN | BE237: RJ-Jaipur | BF237: NIKHLESH SHARMA
A238: 145639 | B238: GOVIND TRADERS | C238: 213911.98 | D238: 945420 | E238: 141.5 | F238: =IFERROR(C238/(D238/30),0) -> 6.7878397 | G238: 138262.95 | H238: 644890 | I238: 100 | J238: =IFERROR(G238/(H238/31),0) -> 6.6463295 | K238: 207472.91 | L238: 1497700 | M238: 220 | N238: =IFERROR(K238/(L238/30),0) -> 4.1558305 | O238: -10931.6 | P238: 1070655 | Q238: 159.5 | R238: =IFERROR(O238/(P238/31),0) -> -0.31651615 | S238: 124048.42 | T238: 1249185 | U238: 191 | V238: =IFERROR(S238/(T238/31),0) -> 3.0784079 | W238: -36516.39 | X238: 1060360 | Y238: 162 | Z238: =IFERROR(W238/(X238/30),0) -> -1.0331319 | AA238: 123880.14 | AB238: 1063984 | AC238: 150.3 | AD238: =IFERROR(AA238/(AB238/31),0) -> 3.6093441 | AE238: 120185.17 | AF238: 544390 | AG238: 78 | AH238: =IFERROR(AE238/(AF238/30),0) -> 6.6231105 | AI238: 211216.19 | AJ238: 1172810 | AK238: 170.5 | AL238: =IFERROR(AI238/(AJ238/31),0) -> 5.5829179 | AM238: 85242.19 | AN238: 693590 | AO238: 100.25 | AP238: =IFERROR(AM238/(AN238/31),0) -> 3.8098991 | AQ238: 46680.19 | AR238: 854950 | AS238: 122.25 | AT238: =IFERROR(AQ238/(AR238/31),0) -> 1.6925971 | AU238: 156347 | AV238: 2037900 | AW238: 287.5 | AX238: =IFERROR(AU238/(AV238/31),0) -> 2.3783095 | AY238: =C238+G238+K238+O238+S238+W238+AA238 -> 760128.41 | AZ238: =D238+H238+L238+P238+T238+X238+AB238 -> 7532194 | BA238: =E238+I238+M238+Q238+U238+Y238+AC238+AG238+AK238+AO238+AS238+AW238 -> 1882.8 | BB238: =IFERROR(AY238/(AZ238/31),0) -> 3.1284352 | BC238: JAIPUR URBAN | BD238: JAIPUR URBAN | BE238: RJ-Jaipur | BF238: NIKHLESH SHARMA
A239: 145932 | B239: SHRI RAM & SONS | C239: 124575.27 | D239: 345100 | E239: 51.5 | F239: =IFERROR(C239/(D239/30),0) -> 10.829493 | G239: 70715.27 | H239: 235470 | I239: 36.5 | J239: =IFERROR(G239/(H239/31),0) -> 9.3097778 | K239: 89545.27 | L239: 368960 | M239: 55 | N239: =IFERROR(K239/(L239/30),0) -> 7.2808925 | O239: 3986.51 | P239: 464870 | Q239: 70.25 | R239: =IFERROR(O239/(P239/31),0) -> 0.26584165 | S239: 63331.28 | T239: 425065 | U239: 65.25 | V239: =IFERROR(S239/(T239/31),0) -> 4.6187517 | W239: 92968.8 | X239: 474170 | Y239: 72.5 | Z239: =IFERROR(W239/(X239/30),0) -> 5.8819917 | AA239: -4742.71 | AB239: 716691 | AC239: 103.7 | AD239: =IFERROR(AA239/(AB239/31),0) -> -0.20514282 | AE239: -27585.2 | AF239: 515230 | AG239: 73.5 | AH239: =IFERROR(AE239/(AF239/30),0) -> -1.6061875 | AI239: 114448.77 | AJ239: 562510 | AK239: 82 | AL239: =IFERROR(AI239/(AJ239/31),0) -> 6.3072868 | AM239: -19646.23 | AN239: 362850 | AO239: 52.5 | AP239: =IFERROR(AM239/(AN239/31),0) -> -1.6784708 | AQ239: 35963.76 | AR239: 378820 | AS239: 54 | AT239: =IFERROR(AQ239/(AR239/31),0) -> 2.9430245 | AU239: -67706.72 | AV239: 396850 | AW239: 57 | AX239: =IFERROR(AU239/(AV239/31),0) -> -5.2889211 | AY239: =C239+G239+K239+O239+S239+W239+AA239 -> 440379.69 | AZ239: =D239+H239+L239+P239+T239+X239+AB239 -> 3030326 | BA239: =E239+I239+M239+Q239+U239+Y239+AC239+AG239+AK239+AO239+AS239+AW239 -> 773.7 | BB239: =IFERROR(AY239/(AZ239/31),0) -> 4.5050501 | BC239: JAIPUR URBAN | BD239: JAIPUR URBAN | BE239: RJ-Jaipur | BF239: NIKHLESH SHARMA
A240: 146876 | B240: BALAJI CEMENT AGENCY | C240: -3126.41 | D240: 0 | E240: 0 | F240: =IFERROR(C240/(D240/30),0) -> 0 | G240: -3126.41 | H240: 0 | I240: 0 | J240: =IFERROR(G240/(H240/31),0) -> 0 | K240: -3126.41 | L240: 0 | M240: 0 | N240: =IFERROR(K240/(L240/30),0) -> 0 | O240: -3126.41 | P240: 0 | Q240: 0 | R240: =IFERROR(O240/(P240/31),0) -> 0 | S240: -3126.41 | T240: 0 | U240: 0 | V240: =IFERROR(S240/(T240/31),0) -> 0 | W240: -3126.41 | X240: 0 | Y240: 0 | Z240: =IFERROR(W240/(X240/30),0) -> 0 | AA240: -3126.41 | AB240: 0 | AC240: 0 | AD240: =IFERROR(AA240/(AB240/31),0) -> 0 | AE240: -3126.41 | AF240: 0 | AG240: 0 | AH240: =IFERROR(AE240/(AF240/30),0) -> 0 | AI240: -3126.41 | AJ240: 0 | AK240: 0 | AL240: =IFERROR(AI240/(AJ240/31),0) -> 0 | AM240: -3126.41 | AN240: 0 | AO240: 0 | AP240: =IFERROR(AM240/(AN240/31),0) -> 0 | AQ240: -3126.41 | AR240: 0 | AS240: 0 | AT240: =IFERROR(AQ240/(AR240/31),0) -> 0 | AU240: -3126.41 | AV240: 0 | AW240: 0 | AX240: =IFERROR(AU240/(AV240/31),0) -> 0 | AY240: =C240+G240+K240+O240+S240+W240+AA240 -> -21884.87 | AZ240: =D240+H240+L240+P240+T240+X240+AB240 -> 0 | BA240: =E240+I240+M240+Q240+U240+Y240+AC240+AG240+AK240+AO240+AS240+AW240 -> 0 | BB240: =IFERROR(AY240/(AZ240/31),0) -> 0 | BC240: JAIPUR URBAN | BD240: JAIPUR URBAN | BE240: RJ-Jaipur | BF240: NIKHLESH SHARMA
A241: 149872 | B241: GD ASSOCIATES | C241: 71523.98 | D241: 1710302 | E241: 255.3 | F241: =IFERROR(C241/(D241/30),0) -> 1.2545851 | G241: 49438.98 | H241: 767497.5 | I241: 118.9 | J241: =IFERROR(G241/(H241/31),0) -> 1.9968904 | K241: 88458.69 | L241: 1681253 | M241: 252.05 | N241: =IFERROR(K241/(L241/30),0) -> 1.5784422 | O241: 206252.69 | P241: 1794999 | Q241: 268.2 | R241: =IFERROR(O241/(P241/31),0) -> 3.5620262 | S241: 223540.67 | T241: 1665060 | U241: 254.25 | V241: =IFERROR(S241/(T241/31),0) -> 4.1618685 | W241: 143838.44 | X241: 1771080 | Y241: 271 | Z241: =IFERROR(W241/(X241/30),0) -> 2.436453 | AA241: 87481.46 | AB241: 1842117 | AC241: 262.4 | AD241: =IFERROR(AA241/(AB241/31),0) -> 1.4721786 | AE241: 238538.49 | AF241: 1778850 | AG241: 254.25 | AH241: =IFERROR(AE241/(AF241/30),0) -> 4.0229107 | AI241: 107179.28 | AJ241: 2760340 | AK241: 400.5 | AL241: =IFERROR(AI241/(AJ241/31),0) -> 1.203677 | AM241: 232823.06 | AN241: 2244073 | AO241: 333.35 | AP241: =IFERROR(AM241/(AN241/31),0) -> 3.2162567 | AQ241: -41095.98 | AR241: 1978181 | AS241: 287.95 | AT241: =IFERROR(AQ241/(AR241/31),0) -> -0.64401356 | AU241: -374888.94 | AV241: 2111365 | AW241: 304 | AX241: =IFERROR(AU241/(AV241/31),0) -> -5.5042862 | AY241: =C241+G241+K241+O241+S241+W241+AA241 -> 870534.91 | AZ241: =D241+H241+L241+P241+T241+X241+AB241 -> 11232308 | BA241: =E241+I241+M241+Q241+U241+Y241+AC241+AG241+AK241+AO241+AS241+AW241 -> 3262.15 | BB241: =IFERROR(AY241/(AZ241/31),0) -> 2.4025856 | BC241: JAIPUR URBAN | BD241: JAIPUR URBAN | BE241: RJ-Jaipur | BF241: NIKHLESH SHARMA
A242: 172150 | B242: GHODELA BUILDING MATERIAL AND | C242: 377425.31 | D242: 794672 | E242: 116.3 | F242: =IFERROR(C242/(D242/30),0) -> 14.248343 | G242: 283044.78 | H242: 592035 | I242: 88.75 | J242: =IFERROR(G242/(H242/31),0) -> 14.820725 | K242: 483445.1 | L242: 1108000 | M242: 163 | N242: =IFERROR(K242/(L242/30),0) -> 13.089669 | O242: 192919.09 | P242: 1356845 | Q242: 201 | R242: =IFERROR(O242/(P242/31),0) -> 4.4076455 | S242: 339774.14 | T242: 1557740 | U242: 236.25 | V242: =IFERROR(S242/(T242/31),0) -> 6.7617178 | W242: 428288.85 | X242: 1760847 | Y242: 265.7 | Z242: =IFERROR(W242/(X242/30),0) -> 7.2968665 | AA242: 435465.3 | AB242: 1793750 | AC242: 255.75 | AD242: =IFERROR(AA242/(AB242/31),0) -> 7.5258115 | AE242: 610014.29 | AF242: 1358965 | AG242: 193.75 | AH242: =IFERROR(AE242/(AF242/30),0) -> 13.466446 | AI242: 677383.79 | AJ242: 2075650 | AK242: 301.5 | AL242: =IFERROR(AI242/(AJ242/31),0) -> 10.116781 | AM242: 645820.27 | AN242: 1282480 | AO242: 183 | AP242: =IFERROR(AM242/(AN242/31),0) -> 15.610714 | AQ242: 370704.25 | AR242: 1751860 | AS242: 251.3 | AT242: =IFERROR(AQ242/(AR242/31),0) -> 6.5597889 | AU242: 361936.81 | AV242: 2888475 | AW242: 410.25 | AX242: =IFERROR(AU242/(AV242/31),0) -> 3.8844169 | AY242: =C242+G242+K242+O242+S242+W242+AA242 -> 2540362.6 | AZ242: =D242+H242+L242+P242+T242+X242+AB242 -> 8963889 | BA242: =E242+I242+M242+Q242+U242+Y242+AC242+AG242+AK242+AO242+AS242+AW242 -> 2666.55 | BB242: =IFERROR(AY242/(AZ242/31),0) -> 8.7853876 | BC242: JAIPUR URBAN | BD242: JAIPUR URBAN | BE242: RJ-Jaipur | BF242: NIKHLESH SHARMA
A243: 173548 | B243: GAYTRI AGENCIES | C243: -2615.03 | D243: 42700 | E243: 6.25 | F243: =IFERROR(C243/(D243/30),0) -> -1.8372576 | G243: -940.03 | H243: 24525 | I243: 3.75 | J243: =IFERROR(G243/(H243/31),0) -> -1.1882133 | K243: -865.03 | L243: 56960 | M243: 8.5 | N243: =IFERROR(K243/(L243/30),0) -> -0.45559867 | O243: -415.03 | P243: 33600 | Q243: 5 | R243: =IFERROR(O243/(P243/31),0) -> -0.38291458 | S243: -2865.03 | T243: 32650 | U243: 5 | V243: =IFERROR(S243/(T243/31),0) -> -2.7202429 | W243: -4515.03 | X243: 147050 | Y243: 22.5 | Z243: =IFERROR(W243/(X243/30),0) -> -0.92112139 | AA243: -5215.03 | AB243: 155800 | AC243: 22.5 | AD243: =IFERROR(AA243/(AB243/31),0) -> -1.0376504 | AE243: 11089.97 | AF243: 69100 | AG243: 10 | AH243: =IFERROR(AE243/(AF243/30),0) -> 4.8147482 | AI243: -9210.03 | AJ243: 86000 | AK243: 12.5 | AL243: =IFERROR(AI243/(AJ243/31),0) -> -3.3198945 | AM243: -2590.03 | AN243: 89980 | AO243: 13.5 | AP243: =IFERROR(AM243/(AN243/31),0) -> -0.89231974 | AQ243: -3440.03 | AR243: 68850 | AS243: 10 | AT243: =IFERROR(AQ243/(AR243/31),0) -> -1.5488879 | AU243: 6165.29 | AV243: 337975 | AW243: 47.25 | AX243: =IFERROR(AU243/(AV243/31),0) -> 0.56549742 | AY243: =C243+G243+K243+O243+S243+W243+AA243 -> -17430.21 | AZ243: =D243+H243+L243+P243+T243+X243+AB243 -> 493285 | BA243: =E243+I243+M243+Q243+U243+Y243+AC243+AG243+AK243+AO243+AS243+AW243 -> 166.75 | BB243: =IFERROR(AY243/(AZ243/31),0) -> -1.095384 | BC243: JAIPUR URBAN | BD243: JAIPUR URBAN | BE243: RJ-Jaipur | BF243: NIKHLESH SHARMA
A244: 176647 | B244: SHREE RIDDHI SIDDHI TRADERS | C244: 39698.41 | D244: 553845 | E244: 83.25 | F244: =IFERROR(C244/(D244/30),0) -> 2.150335 | G244: -22055.1 | H244: 646310 | I244: 100.5 | J244: =IFERROR(G244/(H244/31),0) -> -1.057864 | K244: 45526.67 | L244: 1815370 | M244: 267.5 | N244: =IFERROR(K244/(L244/30),0) -> 0.75235357 | O244: 451283.2 | P244: 1811600 | Q244: 270.5 | R244: =IFERROR(O244/(P244/31),0) -> 7.7223334 | S244: 208213.89 | T244: 1630030 | U244: 246.15 | V244: =IFERROR(S244/(T244/31),0) -> 3.9598232 | W244: 2833.81 | X244: 1721010 | Y244: 261.6 | Z244: =IFERROR(W244/(X244/30),0) -> 0.049397912 | AA244: 297253.8 | AB244: 1776910 | AC244: 250 | AD244: =IFERROR(AA244/(AB244/31),0) -> 5.1858945 | AE244: 264549.28 | AF244: 1740689 | AG244: 250.3 | AH244: =IFERROR(AE244/(AF244/30),0) -> 4.5593891 | AI244: 204402.25 | AJ244: 2349410 | AK244: 344 | AL244: =IFERROR(AI244/(AJ244/31),0) -> 2.6970472 | AM244: 492758.71 | AN244: 2168650 | AO244: 320.5 | AP244: =IFERROR(AM244/(AN244/31),0) -> 7.0437922 | AQ244: 166106 | AR244: 2464318 | AS244: 358.85 | AT244: =IFERROR(AQ244/(AR244/31),0) -> 2.089538 | AU244: 220798.62 | AV244: 2472290 | AW244: 353.5 | AX244: =IFERROR(AU244/(AV244/31),0) -> 2.7685899 | AY244: =C244+G244+K244+O244+S244+W244+AA244 -> 1022754.7 | AZ244: =D244+H244+L244+P244+T244+X244+AB244 -> 9955075 | BA244: =E244+I244+M244+Q244+U244+Y244+AC244+AG244+AK244+AO244+AS244+AW244 -> 3106.65 | BB244: =IFERROR(AY244/(AZ244/31),0) -> 3.1848474 | BC244: JAIPUR URBAN | BD244: JAIPUR URBAN | BE244: RJ-Jaipur | BF244: NIKHLESH SHARMA
A245: 177603 | B245: SEEMA BUILDING MATERIAL SUPPLIERS | C245: -564.73 | D245: 20120 | E245: 3 | F245: =IFERROR(C245/(D245/30),0) -> -0.84204274 | G245: 45260.27 | H245: 96000 | I245: 15 | J245: =IFERROR(G245/(H245/31),0) -> 14.615296 | K245: -3164.73 | L245: 166550 | M245: 25 | N245: =IFERROR(K245/(L245/30),0) -> -0.57005044 | O245: -3104.72 | P245: 87480 | Q245: 13 | R245: =IFERROR(O245/(P245/31),0) -> -1.1002094 | S245: -6974.72 | T245: 351020 | U245: 54 | V245: =IFERROR(S245/(T245/31),0) -> -0.61596581 | W245: -13944.72 | X245: 324380 | Y245: 50 | Z245: =IFERROR(W245/(X245/30),0) -> -1.2896652 | AA245: -8704.72 | AB245: 210400 | AC245: 30 | AD245: =IFERROR(AA245/(AB245/31),0) -> -1.2825395 | AE245: 19785.28 | AF245: 371380 | AG245: 53.5 | AH245: =IFERROR(AE245/(AF245/30),0) -> 1.5982508 | AI245: 67137.78 | AJ245: 339800 | AK245: 50 | AL245: =IFERROR(AI245/(AJ245/31),0) -> 6.1249888 | AM245: -13002.22 | AN245: 262820 | AO245: 39 | AP245: =IFERROR(AM245/(AN245/31),0) -> -1.5336307 | AQ245: -19912.21 | AR245: 419160 | AS245: 62 | AT245: =IFERROR(AQ245/(AR245/31),0) -> -1.4726561 | AU245: 42222.78 | AV245: 390200 | AW245: 56 | AX245: =IFERROR(AU245/(AV245/31),0) -> 3.3544495 | AY245: =C245+G245+K245+O245+S245+W245+AA245 -> 8801.93 | AZ245: =D245+H245+L245+P245+T245+X245+AB245 -> 1255950 | BA245: =E245+I245+M245+Q245+U245+Y245+AC245+AG245+AK245+AO245+AS245+AW245 -> 450.5 | BB245: =IFERROR(AY245/(AZ245/31),0) -> 0.21725374 | BC245: JAIPUR URBAN | BD245: JAIPUR URBAN | BE245: RJ-Jaipur | BF245: NIKHLESH SHARMA
... A496: 170060 | B496: VISHNU TRADERS | C496: 0.4 | D496: 0 | E496: 0 | F496: =IFERROR(C496/(D496/30),0) -> 0 | G496: 0.4 | H496: 0 | I496: 0 | J496: =IFERROR(G496/(H496/31),0) -> 0 | K496: 0.4 | L496: 0 | M496: 0 | N496: =IFERROR(K496/(L496/30),0) -> 0 | O496: 0.4 | P496: 0 | Q496: 0 | R496: =IFERROR(O496/(P496/31),0) -> 0 | S496: 0 | T496: 0 | U496: 0 | V496: =IFERROR(S496/(T496/31),0) -> 0 | W496: 0 | X496: 0 | Y496: 0 | Z496: =IFERROR(W496/(X496/30),0) -> 0 | AA496: 0 | AB496: 0 | AC496: 0 | AD496: =IFERROR(AA496/(AB496/31),0) -> 0 | AE496: 0 | AF496: 0 | AG496: 0 | AH496: =IFERROR(AE496/(AF496/30),0) -> 0 | AI496: 0 | AJ496: 0 | AK496: 0 | AL496: =IFERROR(AI496/(AJ496/31),0) -> 0 | AM496: 0 | AN496: 0 | AO496: 0 | AP496: =IFERROR(AM496/(AN496/31),0) -> 0 | AQ496: 0 | AR496: 0 | AS496: 0 | AT496: =IFERROR(AQ496/(AR496/31),0) -> 0 | AU496: 0 | AV496: 0 | AW496: 0 | AX496: =IFERROR(AU496/(AV496/31),0) -> 0 | AY496: =C496+G496+K496+O496+S496+W496+AA496 -> 1.6 | AZ496: =D496+H496+L496+P496+T496+X496+AB496 -> 0 | BA496: =E496+I496+M496+Q496+U496+Y496+AC496+AG496+AK496+AO496+AS496+AW496 -> 0 | BB496: =IFERROR(AY496/(AZ496/31),0) -> 0 | BC496: NAGAUR | BD496: JODHPUR | BE496: RJ-Jodhpur | BF496: SANJAY BHATI
A497: 211670 | B497: YASHRAJ CEMENT SUPPLIER | C497: 0 | D497: 0 | E497: 0 | F497: =IFERROR(C497/(D497/30),0) -> 0 | G497: 0 | H497: 0 | I497: 0 | J497: =IFERROR(G497/(H497/31),0) -> 0 | K497: 0 | L497: 0 | M497: 0 | N497: =IFERROR(K497/(L497/30),0) -> 0 | O497: 0 | P497: 0 | Q497: 0 | R497: =IFERROR(O497/(P497/31),0) -> 0 | S497: 0 | T497: 0 | U497: 0 | V497: =IFERROR(S497/(T497/31),0) -> 0 | W497: 0 | X497: 0 | Y497: 0 | Z497: =IFERROR(W497/(X497/30),0) -> 0 | AA497: 0 | AB497: 0 | AC497: 0 | AD497: =IFERROR(AA497/(AB497/31),0) -> 0 | AE497: 0 | AF497: 0 | AG497: 0 | AH497: =IFERROR(AE497/(AF497/30),0) -> 0 | AI497: 0 | AJ497: 0 | AK497: 0 | AL497: =IFERROR(AI497/(AJ497/31),0) -> 0 | AM497: 0 | AN497: 0 | AO497: 0 | AP497: =IFERROR(AM497/(AN497/31),0) -> 0 | AQ497: 0 | AR497: 201900 | AS497: 30 | AT497: =IFERROR(AQ497/(AR497/31),0) -> 0 | AU497: -1400 | AV497: 208400 | AW497: 30 | AX497: =IFERROR(AU497/(AV497/31),0) -> -0.20825336 | AY497: =C497+G497+K497+O497+S497+W497+AA497 -> 0 | AZ497: =D497+H497+L497+P497+T497+X497+AB497 -> 0 | BA497: =E497+I497+M497+Q497+U497+Y497+AC497+AG497+AK497+AO497+AS497+AW497 -> 60 | BB497: =IFERROR(AY497/(AZ497/31),0) -> 0 | BC497: NAGAUR | BD497: JODHPUR | BE497: RJ-JODHPUR
A498: 211970 | B498: SHRI MAA KARNI BULIDING MATERI | C498: 0 | D498: 0 | E498: 0 | F498: =IFERROR(C498/(D498/30),0) -> 0 | G498: 0 | H498: 0 | I498: 0 | J498: =IFERROR(G498/(H498/31),0) -> 0 | K498: 0 | L498: 0 | M498: 0 | N498: =IFERROR(K498/(L498/30),0) -> 0 | O498: 0 | P498: 0 | Q498: 0 | R498: =IFERROR(O498/(P498/31),0) -> 0 | S498: 0 | T498: 0 | U498: 0 | V498: =IFERROR(S498/(T498/31),0) -> 0 | W498: 0 | X498: 0 | Y498: 0 | Z498: =IFERROR(W498/(X498/30),0) -> 0 | AA498: 0 | AB498: 0 | AC498: 0 | AD498: =IFERROR(AA498/(AB498/31),0) -> 0 | AE498: 0 | AF498: 0 | AG498: 0 | AH498: =IFERROR(AE498/(AF498/30),0) -> 0 | AI498: 0 | AJ498: 0 | AK498: 0 | AL498: =IFERROR(AI498/(AJ498/31),0) -> 0 | AM498: 0 | AN498: 0 | AO498: 0 | AP498: =IFERROR(AM498/(AN498/31),0) -> 0 | AQ498: 0 | AR498: 0 | AS498: 0 | AT498: =IFERROR(AQ498/(AR498/31),0) -> 0 | AU498: 275918.74 | AV498: 289950 | AW498: 40 | AX498: =IFERROR(AU498/(AV498/31),0) -> 29.499848 | AY498: =C498+G498+K498+O498+S498+W498+AA498 -> 0 | AZ498: =D498+H498+L498+P498+T498+X498+AB498 -> 0 | BA498: =E498+I498+M498+Q498+U498+Y498+AC498+AG498+AK498+AO498+AS498+AW498 -> 40 | BB498: =IFERROR(AY498/(AZ498/31),0) -> 0 | BC498: NAGAUR | BD498: JODHPUR | BE498: RJ-Jodhpur
A499: 140836 | B499: NAVRATAN CEMENT AGENCY | C499: -3185.18 | D499: 253000 | E499: 38 | F499: =IFERROR(C499/(D499/30),0) -> -0.37768933 | G499: -6985.18 | H499: 0 | I499: 0 | J499: =IFERROR(G499/(H499/31),0) -> 0 | K499: 59330.8 | L499: 417870 | M499: 61 | N499: =IFERROR(K499/(L499/30),0) -> 4.2595161 | O499: -3165.2 | P499: 210180 | Q499: 30 | R499: =IFERROR(O499/(P499/31),0) -> -0.46684366 | S499: -8421.21 | T499: 366650 | U499: 55 | V499: =IFERROR(S499/(T499/31),0) -> -0.71200739 | W499: 40403.3 | X499: 487405 | Y499: 73.5 | Z499: =IFERROR(W499/(X499/30),0) -> 2.4868415 | AA499: -21777.72 | AB499: 695895 | AC499: 101.5 | AD499: =IFERROR(AA499/(AB499/31),0) -> -0.97013101 | AE499: 36333.3 | AF499: 395962.5 | AG499: 56.25 | AH499: =IFERROR(AE499/(AF499/30),0) -> 2.7527834 | AI499: -46744.95 | AJ499: 526250 | AK499: 75 | AL499: =IFERROR(AI499/(AJ499/31),0) -> -2.7536218 | AM499: 70154.05 | AN499: 472335 | AO499: 69.5 | AP499: =IFERROR(AM499/(AN499/31),0) -> 4.6043074 | AQ499: 59516.05 | AR499: 292275 | AS499: 42.5 | AT499: =IFERROR(AQ499/(AR499/31),0) -> 6.3125397 | AU499: 269679.21 | AV499: 1176775 | AW499: 167.5 | AX499: =IFERROR(AU499/(AV499/31),0) -> 7.104209 | AY499: =C499+G499+K499+O499+S499+W499+AA499 -> 56199.61 | AZ499: =D499+H499+L499+P499+T499+X499+AB499 -> 2431000 | BA499: =E499+I499+M499+Q499+U499+Y499+AC499+AG499+AK499+AO499+AS499+AW499 -> 769.75 | BB499: =IFERROR(AY499/(AZ499/31),0) -> 0.71665484 | BC499: JALORE | BD499: PALI | BE499: RJ-Jodhpur | BF499: ANURAG MISHRA
